,Time,Timestamp,DC Voltage PV1(V),AC Output Total Power (Active)(W),Daily Generation (Active)(kWh),Wind Speed ( MPH ),Wind Average ( MPH )
2021-10-25 00:00:00,2021-10-25 00:00:12,2021-10-25 00:00:00,307.1,898.26,0.4,53,32
2021-10-25 00:05:00,2021-10-25 00:05:35,2021-10-25 00:05:00,353,1617.62,0.5,49,37
2021-10-25 00:10:00,2021-10-25 00:10:57,2021-10-25 00:10:00,327.6,1117.93,0.6,61,47
2021-10-25 00:15:00,2021-10-25 00:16:21,2021-10-25 00:15:00,321.6,1097.46,0.8,51,38
2021-10-25 00:20:00,2021-10-25 00:21:43,2021-10-25 00:20:00,343.2,1405.4,0.9,59,43
2021-10-25 00:25:00,2021-10-25 00:27:05,2021-10-25 00:25:00,284.1,692.49,1,49,35
2021-10-25 00:30:00,2021-10-25 00:32:27,2021-10-25 00:30:00,341.3,1397.62,1.1,57,38
2021-10-25 00:40:00,2021-10-25 00:37:50,2021-10-25 00:40:00,316.6,987.79,1.2,51,41
2021-10-25 00:45:00,2021-10-25 00:43:13,2021-10-25 00:45:00,328.6,1185.42,1.3,48,40
2021-10-25 00:50:00,2021-10-25 00:48:36,2021-10-25 00:50:00,311.7,911.72,1.5,51,38
2021-10-25 00:55:00,2021-10-25 00:53:57,2021-10-25 00:55:00,286.7,698.83,1.6,51,39
2021-10-25 01:00:00,2021-10-25 00:59:20,2021-10-25 01:00:00,382.3,2236.45,1.7,46,35
2021-10-25 01:05:00,2021-10-25 01:04:42,2021-10-25 01:05:00,349,1531.23,1.8,38,28
2021-10-25 01:10:00,2021-10-25 01:10:05,2021-10-25 01:10:00,354.3,1623.57,1.9,43,30
2021-10-25 01:15:00,2021-10-25 01:15:28,2021-10-25 01:15:00,255.1,422.82,2,44,33
2021-10-25 01:20:00,2021-10-25 01:20:51,2021-10-25 01:20:00,256.3,424.81,2.1,40,32
2021-10-25 01:25:00,2021-10-25 01:26:13,2021-10-25 01:25:00,355.3,1628.16,2.2,46,36
2021-10-25 01:30:00,2021-10-25 01:31:34,2021-10-25 01:30:00,208.8,203.58,2.3,43,34
2021-10-25 01:35:00,2021-10-25 01:36:57,2021-10-25 01:35:00,260.5,507.97,2.4,43,34
2021-10-25 01:40:00,2021-10-25 01:42:20,2021-10-25 01:40:00,375.5,2086.84,2.4,48,34
2021-10-25 01:50:00,2021-10-25 01:47:43,2021-10-25 01:50:00,320.5,1093.7,2.5,44,31
2021-10-25 01:55:00,2021-10-25 01:53:05,2021-10-25 01:55:00,349.8,1534.74,2.6,38,29
2021-10-25 02:00:00,2021-10-25 01:58:27,2021-10-25 02:00:00,319,995.28,2.7,40,28
2021-10-25 02:05:00,2021-10-25 02:03:50,2021-10-25 02:05:00,325.7,1111.45,2.8,36,29
2021-10-25 02:10:00,2021-10-25 02:09:12,2021-10-25 02:10:00,343.6,1407.04,2.8,36,30
2021-10-25 02:15:00,2021-10-25 02:14:36,2021-10-25 02:15:00,384.1,2246.98,2.9,48,27
2021-10-25 02:20:00,2021-10-25 02:19:58,2021-10-25 02:20:00,362.5,1767.18,3,44,30
2021-10-25 02:25:00,2021-10-25 02:25:20,2021-10-25 02:25:00,339.8,1325.22,3,43,33
2021-10-25 02:30:00,2021-10-25 02:30:42,2021-10-25 02:30:00,362,1764.75,3.1,51,40
2021-10-25 02:35:00,2021-10-25 02:36:05,2021-10-25 02:35:00,238.8,349.24,3.2,40,31
2021-10-25 02:40:00,2021-10-25 02:41:28,2021-10-25 02:40:00,334.2,1205.62,3.3,46,34
2021-10-25 02:45:00,2021-10-25 02:46:50,2021-10-25 02:45:00,378.8,2031.31,3.4,53,37
2021-10-25 02:50:00,2021-10-25 02:52:12,2021-10-25 02:50:00,253.3,419.84,3.5,40,35
2021-10-25 03:00:00,2021-10-25 02:57:34,2021-10-25 03:00:00,330,1190.47,3.6,41,33
2021-10-25 03:05:00,2021-10-25 03:02:57,2021-10-25 03:05:00,221.6,259.27,3.7,44,31
2021-10-25 03:10:00,2021-10-25 03:08:20,2021-10-25 03:10:00,254.7,422.16,3.8,51,38
2021-10-25 03:15:00,2021-10-25 03:13:43,2021-10-25 03:15:00,362.1,1765.23,3.9,44,30
2021-10-25 03:20:00,2021-10-25 03:19:06,2021-10-25 03:20:00,299.2,787.64,3.9,43,31
2021-10-25 03:25:00,2021-10-25 03:24:28,2021-10-25 03:25:00,240.2,351.29,4,40,29
2021-10-25 03:30:00,2021-10-25 03:29:49,2021-10-25 03:30:00,366.2,1856.63,4.1,35,29
2021-10-25 03:35:00,2021-10-25 03:35:12,2021-10-25 03:35:00,329.6,1285.44,4.2,38,26
2021-10-25 03:40:00,2021-10-25 03:40:39,2021-10-25 03:40:00,198.8,193.83,4.2,30,22
2021-10-25 03:45:00,2021-10-25 03:46:01,2021-10-25 03:45:00,239,349.53,4.2,32,22
2021-10-25 03:50:00,2021-10-25 03:51:23,2021-10-25 03:50:00,271.3,529.03,4.3,36,27
2021-10-25 03:55:00,2021-10-25 03:56:46,2021-10-25 03:55:00,186.8,91.06,4.3,32,23
2021-10-25 04:00:00,2021-10-25 04:02:09,2021-10-25 04:00:00,189,128.99,4.3,44,29
2021-10-25 04:10:00,2021-10-25 04:07:32,2021-10-25 04:10:00,248.8,363.87,4.4,38,26
2021-10-25 04:15:00,2021-10-25 04:12:55,2021-10-25 04:15:00,264.8,516.36,4.4,38,27
2021-10-25 04:20:00,2021-10-25 04:18:16,2021-10-25 04:20:00,245.3,358.75,4.5,38,28
2021-10-25 04:25:00,2021-10-25 04:23:38,2021-10-25 04:25:00,367.6,1863.73,4.6,30,20
2021-10-25 04:30:00,2021-10-25 04:29:01,2021-10-25 04:30:00,185.7,90.52,4.6,36,27
2021-10-25 04:35:00,2021-10-25 04:34:24,2021-10-25 04:35:00,293.1,714.43,4.7,32,26
2021-10-25 04:40:00,2021-10-25 04:39:47,2021-10-25 04:40:00,227.6,266.29,4.7,40,29
2021-10-25 04:45:00,2021-10-25 04:45:09,2021-10-25 04:45:00,260.2,456.65,4.8,38,30
2021-10-25 04:50:00,2021-10-25 04:50:30,2021-10-25 04:50:00,311.7,972.5,4.9,40,31
2021-10-25 04:55:00,2021-10-25 04:55:53,2021-10-25 04:55:00,367,1860.69,5,40,30
2021-10-25 05:00:00,2021-10-25 05:01:16,2021-10-25 05:00:00,254.3,421.5,5.1,38,30
2021-10-25 05:05:00,2021-10-25 05:06:39,2021-10-25 05:05:00,258.2,427.96,5.2,41,27
2021-10-25 05:10:00,2021-10-25 05:12:02,2021-10-25 05:10:00,296.2,721.98,5.2,41,30
2021-10-25 05:15:00,2021-10-25 05:17:24,2021-10-25 05:15:00,245.5,359.04,5.3,33,25
2021-10-25 05:25:00,2021-10-25 05:22:46,2021-10-25 05:25:00,358.8,1749.14,5.4,33,25
2021-10-25 05:30:00,2021-10-25 05:28:08,2021-10-25 05:30:00,307.6,899.73,5.5,41,31
2021-10-25 05:35:00,2021-10-25 05:33:31,2021-10-25 05:35:00,271.1,528.64,5.5,43,33
2021-10-25 05:40:00,2021-10-25 05:38:54,2021-10-25 05:40:00,347.1,1522.9,5.6,38,30
2021-10-25 05:45:00,2021-10-25 05:44:16,2021-10-25 05:45:00,303.5,798.96,5.7,38,31
2021-10-25 05:50:00,2021-10-25 05:49:38,2021-10-25 05:50:00,262.1,511.09,5.8,43,32
2021-10-25 05:55:00,2021-10-25 05:55:00,2021-10-25 05:55:00,310.5,908.21,5.9,40,30
2021-10-25 06:00:00,2021-10-25 06:01:14,2021-10-25 06:00:00,312.5,1066.4,6,38,29
2021-10-25 06:05:00,2021-10-25 06:06:35,2021-10-25 06:05:00,272.1,557.12,6.1,40,32
2021-10-25 06:10:00,2021-10-25 06:11:57,2021-10-25 06:10:00,280.6,601.88,6.2,41,30
2021-10-25 06:15:00,2021-10-25 06:17:19,2021-10-25 06:15:00,334.8,1207.79,6.3,41,34
2021-10-25 06:25:00,2021-10-25 06:22:41,2021-10-25 06:25:00,284.7,693.95,6.3,44,38
2021-10-25 06:30:00,2021-10-25 06:28:04,2021-10-25 06:30:00,339.3,1323.27,6.5,44,35
2021-10-25 06:35:00,2021-10-25 06:33:27,2021-10-25 06:35:00,384.3,2323.09,6.6,49,35
2021-10-25 06:40:00,2021-10-25 06:38:51,2021-10-25 06:40:00,330.7,1128.51,6.7,48,32
2021-10-25 06:45:00,2021-10-25 06:44:12,2021-10-25 06:45:00,328,1183.26,6.8,35,28
2021-10-25 06:50:00,2021-10-25 06:49:35,2021-10-25 06:50:00,292.5,712.96,6.8,44,36
2021-10-25 06:55:00,2021-10-25 06:54:57,2021-10-25 06:55:00,284.5,610.25,7,44,37
2021-10-25 07:00:00,2021-10-25 07:00:20,2021-10-25 07:00:00,313.5,978.12,7.1,53,39
2021-10-25 07:05:00,2021-10-25 07:05:42,2021-10-25 07:05:00,362.6,1767.67,7.2,40,34
2021-10-25 07:10:00,2021-10-25 07:11:04,2021-10-25 07:10:00,383.1,2502.6,7.3,49,34
2021-10-25 07:15:00,2021-10-25 07:16:26,2021-10-25 07:15:00,289.8,649.87,7.4,40,32
2021-10-25 07:20:00,2021-10-25 07:21:49,2021-10-25 07:20:00,303.3,887.15,7.4,41,30
2021-10-25 07:25:00,2021-10-25 07:27:12,2021-10-25 07:25:00,324.8,1171.71,7.5,36,29
2021-10-25 07:35:00,2021-10-25 07:32:34,2021-10-25 07:35:00,331.5,1195.88,7.6,43,32
2021-10-25 07:40:00,2021-10-25 07:37:56,2021-10-25 07:40:00,298,871.65,7.7,38,29
2021-10-25 07:45:00,2021-10-25 07:43:18,2021-10-25 07:45:00,322.8,1101.55,7.8,33,26
2021-10-25 07:50:00,2021-10-25 07:48:41,2021-10-25 07:50:00,304.1,800.54,7.8,32,23
2021-10-25 07:55:00,2021-10-25 07:54:03,2021-10-25 07:55:00,209.2,203.96,7.9,27,21
2021-10-25 08:00:00,2021-10-25 07:59:26,2021-10-25 08:00:00,248.2,387.19,7.9,28,22
2021-10-25 08:05:00,2021-10-25 08:04:48,2021-10-25 08:05:00,327.8,1118.61,8,35,28
2021-10-25 08:10:00,2021-10-25 08:10:09,2021-10-25 08:10:00,293.2,743.26,8,44,30
2021-10-25 08:15:00,2021-10-25 08:15:32,2021-10-25 08:15:00,295.3,719.79,8.1,35,25
2021-10-25 08:20:00,2021-10-25 08:20:55,2021-10-25 08:20:00,258.3,428.13,8.1,33,25
2021-10-25 08:25:00,2021-10-25 08:26:18,2021-10-25 08:25:00,213.1,207.77,8.2,30,22
2021-10-25 08:30:00,2021-10-25 08:31:40,2021-10-25 08:30:00,327,1115.88,8.2,35,26
2021-10-25 08:35:00,2021-10-25 08:37:02,2021-10-25 08:35:00,277.7,595.66,8.3,40,31
2021-10-25 08:40:00,2021-10-25 08:42:24,2021-10-25 08:40:00,271,528.44,8.3,35,27
2021-10-25 08:50:00,2021-10-25 08:47:46,2021-10-25 08:50:00,311.2,910.25,8.4,28,28
2021-10-25 08:55:00,2021-10-25 08:53:09,2021-10-25 08:55:00,194.2,189.34,8.4,24,20
2021-10-25 09:05:00,2021-10-25 09:03:53,2021-10-25 09:05:00,212.5,207.18,8.5,9,9
2021-10-25 09:10:00,2021-10-25 09:09:15,2021-10-25 09:10:00,170.6,0,8.5,11,11
2021-10-25 10:05:00,2021-10-25 10:02:59,2021-10-25 10:05:00,218.6,234.44,8.7,22,22
2021-10-25 10:30:00,2021-10-25 10:29:52,2021-10-25 10:30:00,219.1,256.34,8.9,24,24
2021-10-25 10:35:00,2021-10-25 10:35:16,2021-10-25 10:35:00,182.3,35.54,8.9,11,11
2021-10-25 10:50:00,2021-10-25 10:51:23,2021-10-25 10:50:00,295.2,719.55,9,27,27
2021-10-25 10:55:00,2021-10-25 10:56:45,2021-10-25 10:55:00,293.3,772.11,9.1,33,30
2021-10-25 11:00:00,2021-10-25 11:02:07,2021-10-25 11:00:00,185.7,36.21,9.2,35,28
2021-10-25 11:05:00,2021-10-25 11:07:29,2021-10-25 11:05:00,338,1318.2,9.3,33,27
2021-10-25 11:15:00,2021-10-25 11:12:52,2021-10-25 11:15:00,231.2,270.5,9.3,32,24
2021-10-25 11:20:00,2021-10-25 11:18:14,2021-10-25 11:20:00,239.3,349.97,9.4,35,27
2021-10-25 11:25:00,2021-10-25 11:23:37,2021-10-25 11:25:00,283.8,608.75,9.4,30,25
2021-10-25 11:30:00,2021-10-25 11:28:59,2021-10-25 11:30:00,188.7,91.99,9.5,36,28
2021-10-25 11:35:00,2021-10-25 11:34:21,2021-10-25 11:35:00,343.3,1405.81,9.5,43,32
2021-10-25 11:40:00,2021-10-25 11:39:43,2021-10-25 11:40:00,289.8,706.38,9.6,40,28
2021-10-25 11:45:00,2021-10-25 11:45:06,2021-10-25 11:45:00,300.6,937.87,9.7,46,34
2021-10-25 11:50:00,2021-10-25 11:50:29,2021-10-25 11:50:00,266.7,520.06,9.8,46,37
2021-10-25 11:55:00,2021-10-25 11:55:52,2021-10-25 11:55:00,359.5,1647.4,9.9,44,36
2021-10-25 12:00:00,2021-10-25 12:01:13,2021-10-25 12:00:00,342,1333.8,10,41,36
2021-10-25 12:05:00,2021-10-25 12:06:35,2021-10-25 12:05:00,297.2,869.31,10.1,30,28
2021-10-25 12:10:00,2021-10-25 12:11:58,2021-10-25 12:10:00,297.6,783.43,10.1,33,27
2021-10-25 12:15:00,2021-10-25 12:17:21,2021-10-25 12:15:00,368.5,1976.08,10.2,36,33
2021-10-25 12:25:00,2021-10-25 12:22:43,2021-10-25 12:25:00,302,795.01,10.3,38,33
2021-10-25 12:30:00,2021-10-25 12:28:05,2021-10-25 12:30:00,308.3,901.77,10.4,43,37
2021-10-25 12:35:00,2021-10-25 12:33:29,2021-10-25 12:35:00,327.6,1181.81,10.5,44,35
2021-10-25 12:40:00,2021-10-25 12:38:51,2021-10-25 12:40:00,243.3,355.82,10.6,38,29
2021-10-25 12:45:00,2021-10-25 12:44:14,2021-10-25 12:45:00,276.2,592.44,10.7,43,29
2021-10-25 12:50:00,2021-10-25 12:49:36,2021-10-25 12:50:00,325.2,1173.15,10.8,36,31
2021-10-25 12:55:00,2021-10-25 12:54:58,2021-10-25 12:55:00,290.6,708.33,10.9,40,27
2021-10-25 13:00:00,2021-10-25 13:00:20,2021-10-25 13:00:00,278.6,597.59,10.9,30,30
2021-10-25 13:10:00,2021-10-25 13:11:04,2021-10-25 13:10:00,299.3,875.45,11.1,36,36
2021-10-25 13:15:00,2021-10-25 13:16:27,2021-10-25 13:15:00,255.7,423.82,11.2,30,23
2021-10-25 13:20:00,2021-10-25 13:21:50,2021-10-25 13:20:00,321.6,1097.46,11.2,41,30
2021-10-25 13:25:00,2021-10-25 13:27:12,2021-10-25 13:25:00,349.7,1534.3,11.3,44,34
2021-10-25 13:35:00,2021-10-25 13:32:34,2021-10-25 13:35:00,338.2,1318.98,11.4,40,33
2021-10-25 13:40:00,2021-10-25 13:37:56,2021-10-25 13:40:00,327,1179.65,11.5,35,26
2021-10-25 13:45:00,2021-10-25 13:43:19,2021-10-25 13:45:00,208.7,203.48,11.6,38,27
2021-10-25 13:50:00,2021-10-25 13:48:42,2021-10-25 13:50:00,224.7,262.89,11.7,32,22
2021-10-25 13:55:00,2021-10-25 13:54:05,2021-10-25 13:55:00,186.1,90.72,11.7,35,22
2021-10-25 14:00:00,2021-10-25 13:59:26,2021-10-25 14:00:00,267.1,520.84,11.8,32,26
2021-10-25 14:05:00,2021-10-25 14:04:48,2021-10-25 14:05:00,260.3,431.44,11.8,32,26
2021-10-25 14:10:00,2021-10-25 14:10:11,2021-10-25 14:10:00,276.7,593.52,11.9,40,24
2021-10-25 14:15:00,2021-10-25 14:15:34,2021-10-25 14:15:00,319.8,997.77,12,35,29
2021-10-25 14:20:00,2021-10-25 14:20:56,2021-10-25 14:20:00,280.6,601.88,12,43,28
2021-10-25 14:25:00,2021-10-25 14:26:59,2021-10-25 14:25:00,295.7,778.43,12.1,46,35
2021-10-25 14:30:00,2021-10-25 14:32:21,2021-10-25 14:30:00,326.3,1113.49,12.2,40,33
2021-10-25 14:40:00,2021-10-25 14:37:42,2021-10-25 14:40:00,254.8,422.33,12.3,27,20
2021-10-25 14:45:00,2021-10-25 14:43:03,2021-10-25 14:45:00,187,91.16,12.3,33,24
2021-10-25 14:50:00,2021-10-25 14:48:26,2021-10-25 14:50:00,276.7,593.52,12.4,35,26
2021-10-25 14:55:00,2021-10-25 14:53:48,2021-10-25 14:55:00,236.6,346.02,12.4,28,21
2021-10-25 15:00:00,2021-10-25 14:59:10,2021-10-25 15:00:00,213.5,208.16,12.5,28,20
2021-10-25 15:05:00,2021-10-25 15:04:32,2021-10-25 15:05:00,283,689.81,12.5,32,23
2021-10-25 15:10:00,2021-10-25 15:09:53,2021-10-25 15:10:00,278.2,596.73,12.5,41,31
2021-10-25 15:15:00,2021-10-25 15:15:15,2021-10-25 15:15:00,359.6,1753.05,12.6,44,33
2021-10-25 15:20:00,2021-10-25 15:20:38,2021-10-25 15:20:00,341.8,1399.67,12.7,32,28
2021-10-25 15:25:00,2021-10-25 15:26:00,2021-10-25 15:25:00,268,522.6,12.8,36,28
2021-10-25 15:30:00,2021-10-25 15:31:22,2021-10-25 15:30:00,361.6,1762.8,12.9,40,31
2021-10-25 15:35:00,2021-10-25 15:36:44,2021-10-25 15:35:00,265.5,517.72,12.9,38,29
2021-10-25 15:40:00,2021-10-25 15:42:05,2021-10-25 15:40:00,254.6,421.99,13,32,25
2021-10-25 15:45:00,2021-10-25 15:47:27,2021-10-25 15:45:00,247.3,361.67,13,27,19
2021-10-25 15:55:00,2021-10-25 15:52:50,2021-10-25 15:55:00,181.1,0,13.1,27,19
2021-10-25 16:00:00,2021-10-25 15:58:12,2021-10-25 16:00:00,225.5,263.83,13.1,28,19
2021-10-25 16:05:00,2021-10-25 16:03:33,2021-10-25 16:05:00,325.6,1174.6,13.1,30,25
2021-10-25 16:10:00,2021-10-25 16:08:55,2021-10-25 16:10:00,328.8,1122.03,13.2,43,30
2021-10-25 16:15:00,2021-10-25 16:14:17,2021-10-25 16:15:00,234.6,343.1,13.3,36,28
2021-10-25 16:20:00,2021-10-25 16:19:39,2021-10-25 16:20:00,260.3,431.44,13.3,33,28
2021-10-25 16:25:00,2021-10-25 16:25:02,2021-10-25 16:25:00,258.6,428.62,13.4,30,24
2021-10-25 16:30:00,2021-10-25 16:30:24,2021-10-25 16:30:00,207.3,202.11,13.4,40,29
2021-10-25 16:35:00,2021-10-25 16:35:45,2021-10-25 16:35:00,323.6,1009.63,13.5,43,32
2021-10-25 16:40:00,2021-10-25 16:41:06,2021-10-25 16:40:00,274.1,587.94,13.6,36,28
2021-10-25 16:45:00,2021-10-25 16:46:29,2021-10-25 16:45:00,257.1,426.14,13.6,32,29
2021-10-25 16:50:00,2021-10-25 16:51:51,2021-10-25 16:50:00,290.6,708.33,13.7,36,30
2021-10-25 16:55:00,2021-10-25 16:57:13,2021-10-25 16:55:00,274.1,534.49,13.8,33,27
2021-10-25 17:05:00,2021-10-25 17:02:35,2021-10-25 17:05:00,246,359.77,13.8,36,25
2021-10-25 17:10:00,2021-10-25 17:07:56,2021-10-25 17:10:00,334,1204.9,13.9,25,18
2021-10-25 17:15:00,2021-10-25 17:13:18,2021-10-25 17:15:00,227.3,265.94,13.9,22,18
2021-10-25 17:20:00,2021-10-25 17:18:40,2021-10-25 17:20:00,191.2,130.49,13.9,24,18
2021-10-25 17:30:00,2021-10-25 17:29:26,2021-10-25 17:30:00,184.6,0,14,19,19
2021-10-25 17:35:00,2021-10-25 17:34:47,2021-10-25 17:35:00,196.3,153.11,14,28,19
2021-10-25 17:40:00,2021-10-25 17:40:10,2021-10-25 17:40:00,184.8,90.09,14,24,19
2021-10-25 17:45:00,2021-10-25 17:45:32,2021-10-25 17:45:00,197.7,192.75,14,28,21
2021-10-25 17:50:00,2021-10-25 17:50:54,2021-10-25 17:50:00,198,193.04,14,25,18
2021-10-25 17:55:00,2021-10-25 17:56:16,2021-10-25 17:55:00,186.8,91.06,14.1,28,20
2021-10-25 18:00:00,2021-10-25 18:01:38,2021-10-25 18:00:00,190.3,129.87,14.1,20,17
2021-10-25 18:05:00,2021-10-25 18:07:02,2021-10-25 18:05:00,200,195,14.1,19,16
2021-10-25 18:10:00,2021-10-25 18:12:24,2021-10-25 18:10:00,189.2,92.23,14.1,20,16
2021-10-25 18:20:00,2021-10-25 18:17:46,2021-10-25 18:20:00,186.8,36.42,14.1,25,20
2021-10-25 18:25:00,2021-10-25 18:23:08,2021-10-25 18:25:00,184.3,89.84,14.1,22,17
2021-10-25 18:30:00,2021-10-25 18:28:29,2021-10-25 18:30:00,228,266.75,14.1,22,18
2021-10-25 18:35:00,2021-10-25 18:33:50,2021-10-25 18:35:00,243.3,355.82,14.2,25,21
2021-10-25 18:40:00,2021-10-25 18:39:13,2021-10-25 18:40:00,297.2,782.37,14.2,25,19
2021-10-25 18:45:00,2021-10-25 18:44:35,2021-10-25 18:45:00,229.5,268.51,14.2,25,19
2021-10-25 18:50:00,2021-10-25 18:49:57,2021-10-25 18:50:00,229,267.93,14.2,27,20
2021-10-25 18:55:00,2021-10-25 18:55:18,2021-10-25 18:55:00,282.8,689.32,14.3,27,23
2021-10-25 19:00:00,2021-10-25 19:00:40,2021-10-25 19:00:00,227.7,266.4,14.3,27,22
2021-10-25 19:05:00,2021-10-25 19:06:02,2021-10-25 19:05:00,190.3,129.87,14.3,25,17
2021-10-25 19:10:00,2021-10-25 19:11:24,2021-10-25 19:10:00,219.7,235.62,14.3,22,16
2021-10-25 19:15:00,2021-10-25 19:16:47,2021-10-25 19:15:00,189.1,129.06,14.3,19,17
2021-10-25 19:20:00,2021-10-25 19:22:09,2021-10-25 19:20:00,198.1,193.14,14.4,20,16
2021-10-25 19:30:00,2021-10-25 19:27:30,2021-10-25 19:30:00,202.6,197.53,14.4,22,17
2021-10-25 19:35:00,2021-10-25 19:32:51,2021-10-25 19:35:00,188.1,91.69,14.4,19,16
2021-10-25 19:40:00,2021-10-25 19:38:14,2021-10-25 19:40:00,232.7,340.32,14.4,22,18
2021-10-25 19:45:00,2021-10-25 19:43:36,2021-10-25 19:45:00,204,198.9,14.4,24,18
2021-10-25 19:50:00,2021-10-25 19:48:58,2021-10-25 19:50:00,185,36.07,14.4,24,18
2021-10-25 19:55:00,2021-10-25 19:54:19,2021-10-25 19:55:00,181.7,0,14.4,20,17
2021-10-25 20:00:00,2021-10-25 19:59:41,2021-10-25 20:00:00,184,35.88,14.5,25,20
2021-10-25 20:05:00,2021-10-25 20:05:03,2021-10-25 20:05:00,200.2,156.15,14.5,22,17
2021-10-25 20:10:00,2021-10-25 20:10:25,2021-10-25 20:10:00,225.7,264.06,14.5,19,14
2021-10-25 20:15:00,2021-10-25 20:15:48,2021-10-25 20:15:00,184.7,36.01,14.5,17,14
2021-10-25 20:20:00,2021-10-25 20:21:10,2021-10-25 20:20:00,174.8,0,14.5,19,16
2021-10-25 20:25:00,2021-10-25 20:26:31,2021-10-25 20:25:00,189.7,129.47,14.5,22,16
2021-10-25 20:30:00,2021-10-25 20:31:52,2021-10-25 20:30:00,189,92.13,14.5,22,16
2021-10-25 20:35:00,2021-10-25 20:37:14,2021-10-25 20:35:00,185.2,54.17,14.5,19,15
2021-10-25 20:45:00,2021-10-25 20:42:37,2021-10-25 20:45:00,187.5,91.4,14.6,20,16
2021-10-25 20:50:00,2021-10-25 20:47:59,2021-10-25 20:50:00,187.2,91.25,14.6,17,16
2021-10-25 20:55:00,2021-10-25 20:53:20,2021-10-25 20:55:00,224.2,262.31,14.6,20,16
2021-10-25 21:00:00,2021-10-25 20:58:42,2021-10-25 21:00:00,183.5,35.78,14.6,19,13
2021-10-25 21:05:00,2021-10-25 21:04:05,2021-10-25 21:05:00,189.2,92.23,14.6,17,14
2021-10-25 21:10:00,2021-10-25 21:09:27,2021-10-25 21:10:00,181.8,0,14.6,19,15
2021-10-25 21:15:00,2021-10-25 21:14:49,2021-10-25 21:15:00,180.8,0,14.6,17,15
2021-10-25 21:20:00,2021-10-25 21:20:10,2021-10-25 21:20:00,190.7,130.15,14.6,16,13
2021-10-25 21:25:00,2021-10-25 21:25:32,2021-10-25 21:25:00,189.2,92.23,14.6,19,15
2021-10-25 21:30:00,2021-10-25 21:30:53,2021-10-25 21:30:00,203.1,198.02,14.6,19,16
2021-10-25 21:35:00,2021-10-25 21:36:15,2021-10-25 21:35:00,185.8,90.57,14.6,12,12
2021-10-25 21:40:00,2021-10-25 21:41:37,2021-10-25 21:40:00,181.8,0,14.6,12,12
2021-10-25 21:45:00,2021-10-25 21:47:00,2021-10-25 21:45:00,181.1,0,14.7,12,12
2021-10-25 21:50:00,2021-10-25 21:52:21,2021-10-25 21:50:00,176.6,0,14.7,14,11
2021-10-25 22:00:00,2021-10-25 21:57:43,2021-10-25 22:00:00,183.8,35.84,14.7,16,11
2021-10-25 22:05:00,2021-10-25 22:03:05,2021-10-25 22:05:00,187,91.16,14.7,14,10
2021-10-25 22:10:00,2021-10-25 22:08:27,2021-10-25 22:10:00,188.1,128.37,14.7,14,11
2021-10-25 22:15:00,2021-10-25 22:13:50,2021-10-25 22:15:00,185.1,90.23,14.7,14,10
2021-10-25 22:20:00,2021-10-25 22:19:11,2021-10-25 22:20:00,174.7,0,14.7,12,9
2021-10-25 22:25:00,2021-10-25 22:24:32,2021-10-25 22:25:00,70.3,0,14.7,12,10
2021-10-25 22:30:00,2021-10-25 22:29:53,2021-10-25 22:30:00,183,0,14.7,14,10
2021-10-25 22:35:00,2021-10-25 22:35:16,2021-10-25 22:35:00,179.7,0,14.7,14,11
2021-10-25 22:40:00,2021-10-25 22:40:38,2021-10-25 22:40:00,167.2,0,14.7,14,12
2021-10-25 22:45:00,2021-10-25 22:46:00,2021-10-25 22:45:00,178.7,0,14.7,14,11
2021-10-25 22:50:00,2021-10-25 22:50:28,2021-10-25 22:50:00,188.2,91.74,14.7,16,12
2021-10-25 22:55:00,2021-10-25 22:55:40,2021-10-25 22:55:00,132.2,0,14.7,16,11
2021-10-25 23:00:00,2021-10-25 23:01:02,2021-10-25 23:00:00,172.7,0,14.7,12,10
2021-10-25 23:05:00,2021-10-25 23:06:23,2021-10-25 23:05:00,153.6,0,14.7,14,9
2021-10-25 23:10:00,2021-10-25 23:11:46,2021-10-25 23:10:00,181.2,0,14.7,12,10
2021-10-25 23:15:00,2021-10-25 23:17:08,2021-10-25 23:15:00,168.3,0,14.7,12,9
2021-10-25 23:25:00,2021-10-25 23:22:33,2021-10-25 23:25:00,135,0,14.7,14,11
2021-10-25 23:30:00,2021-10-25 23:27:54,2021-10-25 23:30:00,183.8,0,14.7,14,11
2021-10-25 23:35:00,2021-10-25 23:33:16,2021-10-25 23:35:00,181.6,0,14.7,14,10
2021-10-25 23:40:00,2021-10-25 23:38:39,2021-10-25 23:40:00,169.5,0,14.7,12,8
2021-10-25 23:45:00,2021-10-25 23:44:01,2021-10-25 23:45:00,174.6,0,14.69,11,7
2021-10-25 23:50:00,2021-10-25 23:49:24,2021-10-25 23:50:00,61.3,0,14.69,9,6
2021-10-25 23:55:00,2021-10-25 23:54:45,2021-10-25 23:55:00,30.5,0,14.69,11,8
2021-10-26 00:00:00,2021-10-26 00:00:07,2021-10-26 00:00:00,65.7,0,0,12,9
2021-10-26 00:05:00,2021-10-26 00:05:29,2021-10-26 00:05:00,118.1,0,0,12,10
2021-10-26 00:10:00,2021-10-26 00:10:52,2021-10-26 00:10:00,138.3,0,0,12,9
2021-10-26 00:15:00,2021-10-26 00:16:15,2021-10-26 00:15:00,123.7,0,0,12,9
2021-10-26 00:20:00,2021-10-26 00:21:37,2021-10-26 00:20:00,57.2,0,0,11,7
2021-10-26 00:25:00,2021-10-26 00:26:59,2021-10-26 00:25:00,48.7,0,0,12,9
2021-10-26 00:30:00,2021-10-26 00:32:20,2021-10-26 00:30:00,72.1,0,0,11,8
2021-10-26 00:40:00,2021-10-26 00:37:43,2021-10-26 00:40:00,139.7,0,0,9,8
2021-10-26 00:45:00,2021-10-26 00:43:05,2021-10-26 00:45:00,79.2,0,0,9,8
2021-10-26 00:50:00,2021-10-26 00:48:28,2021-10-26 00:50:00,173.7,0,0,11,11
2021-10-26 01:30:00,2021-10-26 01:31:24,2021-10-26 01:30:00,101.7,0,0,8,8
2021-10-26 01:35:00,2021-10-26 01:36:48,2021-10-26 01:35:00,42,0,0,9,6
2021-10-26 01:40:00,2021-10-26 01:42:10,2021-10-26 01:40:00,75.5,0,0,9,6
2021-10-26 01:50:00,2021-10-26 01:47:32,2021-10-26 01:50:00,41.6,0,0,8,5
2021-10-26 01:55:00,2021-10-26 01:52:54,2021-10-26 01:55:00,44.8,0,0,8,7
2021-10-26 02:00:00,2021-10-26 01:58:15,2021-10-26 02:00:00,51.2,0,0,9,6
2021-10-26 02:05:00,2021-10-26 02:03:38,2021-10-26 02:05:00,44.8,0,0,9,6
2021-10-26 02:10:00,2021-10-26 02:09:01,2021-10-26 02:10:00,78.7,0,0,11,8
2021-10-26 02:15:00,2021-10-26 02:14:23,2021-10-26 02:15:00,115.5,0,0,8,6
2021-10-26 02:20:00,2021-10-26 02:19:45,2021-10-26 02:20:00,60.5,0,0,9,7
2021-10-26 02:25:00,2021-10-26 02:25:06,2021-10-26 02:25:00,59.2,0,0,9,7
2021-10-26 02:30:00,2021-10-26 02:30:28,2021-10-26 02:30:00,43.2,0,0,11,8
2021-10-26 02:35:00,2021-10-26 02:35:50,2021-10-26 02:35:00,84.1,0,0,11,8
2021-10-26 02:40:00,2021-10-26 02:41:13,2021-10-26 02:40:00,47.3,0,0,9,7
2021-10-26 02:45:00,2021-10-26 02:46:35,2021-10-26 02:45:00,59.5,0,0,9,8
2021-10-26 02:50:00,2021-10-26 02:51:57,2021-10-26 02:50:00,67,0,0,9,8
2021-10-26 02:55:00,2021-10-26 02:57:18,2021-10-26 02:55:00,101.5,0,0,11,9
2021-10-26 03:05:00,2021-10-26 03:02:41,2021-10-26 03:05:00,52.2,0,0,8,7
2021-10-26 03:10:00,2021-10-26 03:08:03,2021-10-26 03:10:00,43.5,0,0,9,6
2021-10-26 03:15:00,2021-10-26 03:13:26,2021-10-26 03:15:00,16.2,0,0,8,7
2021-10-26 03:20:00,2021-10-26 03:18:48,2021-10-26 03:20:00,2,0,0,8,7
2021-10-26 03:25:00,2021-10-26 03:24:10,2021-10-26 03:25:00,1.8,0,0,8,5
2021-10-26 03:30:00,2021-10-26 03:29:32,2021-10-26 03:30:00,1.2,0,0,6,5
2021-10-26 03:35:00,2021-10-26 03:34:54,2021-10-26 03:35:00,1.1,0,0,9,7
2021-10-26 03:40:00,2021-10-26 03:40:17,2021-10-26 03:40:00,0.6,0,0,8,7
2021-10-26 03:45:00,2021-10-26 03:45:39,2021-10-26 03:45:00,0.6,0,0,9,7
2021-10-26 03:50:00,2021-10-26 03:51:01,2021-10-26 03:50:00,0.5,0,0,9,7
2021-10-26 03:55:00,2021-10-26 03:56:22,2021-10-26 03:55:00,0.5,0,0,8,6
2021-10-26 04:00:00,2021-10-26 04:01:45,2021-10-26 04:00:00,0.3,0,0,8,6
2021-10-26 04:05:00,2021-10-26 04:07:07,2021-10-26 04:05:00,0.5,0,0,9,6
2021-10-26 04:10:00,2021-10-26 04:12:30,2021-10-26 04:10:00,0.5,0,0,8,6
2021-10-26 04:20:00,2021-10-26 04:17:52,2021-10-26 04:20:00,0.5,0,0,9,7
2021-10-26 04:25:00,2021-10-26 04:23:14,2021-10-26 04:25:00,0.5,0,0,11,8
2021-10-26 04:30:00,2021-10-26 04:28:35,2021-10-26 04:30:00,0.6,0,0,11,8
2021-10-26 04:35:00,2021-10-26 04:33:58,2021-10-26 04:35:00,0.6,0,0,9,8
2021-10-26 04:40:00,2021-10-26 04:39:20,2021-10-26 04:40:00,0.5,0,0,9,7
2021-10-26 04:45:00,2021-10-26 04:44:43,2021-10-26 04:45:00,0.5,0,0,8,6
2021-10-26 04:50:00,2021-10-26 04:50:09,2021-10-26 04:50:00,0.5,0,0,8,7
2021-10-26 04:55:00,2021-10-26 04:55:31,2021-10-26 04:55:00,0.5,0,0,8,6
2021-10-26 05:00:00,2021-10-26 05:00:53,2021-10-26 05:00:00,0.5,0,0,9,7
2021-10-26 05:05:00,2021-10-26 05:06:16,2021-10-26 05:05:00,0.5,0,0,9,7
2021-10-26 05:10:00,2021-10-26 05:11:37,2021-10-26 05:10:00,0.5,0,0,8,7
2021-10-26 05:15:00,2021-10-26 05:16:59,2021-10-26 05:15:00,0.5,0,0,9,8
2021-10-26 05:20:00,2021-10-26 05:22:21,2021-10-26 05:20:00,0.5,0,0,9,8
2021-10-26 05:30:00,2021-10-26 05:27:44,2021-10-26 05:30:00,0.5,0,0,11,9
2021-10-26 05:35:00,2021-10-26 05:33:06,2021-10-26 05:35:00,0.5,0,0,12,10
2021-10-26 05:40:00,2021-10-26 05:38:28,2021-10-26 05:40:00,1.5,0,0,9,7
2021-10-26 05:45:00,2021-10-26 05:43:50,2021-10-26 05:45:00,0.5,0,0,8,7
2021-10-26 05:50:00,2021-10-26 05:49:12,2021-10-26 05:50:00,0.6,0,0,9,7
2021-10-26 05:55:00,2021-10-26 05:54:34,2021-10-26 05:55:00,0.5,0,0,9,7
2021-10-26 06:00:00,2021-10-26 05:59:56,2021-10-26 06:00:00,0.5,0,0,8,5
2021-10-26 06:05:00,2021-10-26 06:05:19,2021-10-26 06:05:00,0.5,0,0,8,6
2021-10-26 06:10:00,2021-10-26 06:10:41,2021-10-26 06:10:00,0.5,0,0,9,6
2021-10-26 06:15:00,2021-10-26 06:16:03,2021-10-26 06:15:00,0.5,0,0,9,7
2021-10-26 06:20:00,2021-10-26 06:21:24,2021-10-26 06:20:00,0.5,0,0,8,7
2021-10-26 06:25:00,2021-10-26 06:26:47,2021-10-26 06:25:00,0.5,0,0,8,6
2021-10-26 06:30:00,2021-10-26 06:32:10,2021-10-26 06:30:00,0.5,0,0,8,6
2021-10-26 06:40:00,2021-10-26 06:37:32,2021-10-26 06:40:00,0.5,0,0,6,5
2021-10-26 06:45:00,2021-10-26 06:42:54,2021-10-26 06:45:00,0.5,0,0,8,7
2021-10-26 06:50:00,2021-10-26 06:48:15,2021-10-26 06:50:00,0.5,0,0,8,8
2021-10-26 06:55:00,2021-10-26 06:53:38,2021-10-26 06:55:00,0.5,0,0,8,6
2021-10-26 07:00:00,2021-10-26 06:59:00,2021-10-26 07:00:00,0.5,0,0,6,5
2021-10-26 07:05:00,2021-10-26 07:04:23,2021-10-26 07:05:00,0.5,0,0,8,7
2021-10-26 07:10:00,2021-10-26 07:09:46,2021-10-26 07:10:00,0.5,0,0,9,8
2021-10-26 07:15:00,2021-10-26 07:15:07,2021-10-26 07:15:00,0.5,0,0,9,8
2021-10-26 07:20:00,2021-10-26 07:21:04,2021-10-26 07:20:00,0.5,0,0,9,8
2021-10-26 07:25:00,2021-10-26 07:26:24,2021-10-26 07:25:00,0.5,0,0,9,8
2021-10-26 07:30:00,2021-10-26 07:31:44,2021-10-26 07:30:00,0.5,0,0,9,8
2021-10-26 07:35:00,2021-10-26 07:37:04,2021-10-26 07:35:00,0.5,0,0,8,7
2021-10-26 07:40:00,2021-10-26 07:42:25,2021-10-26 07:40:00,0.5,0,0,8,7
2021-10-26 07:50:00,2021-10-26 07:47:47,2021-10-26 07:50:00,0.5,0,0,8,6
2021-10-26 07:55:00,2021-10-26 07:53:08,2021-10-26 07:55:00,0.5,0,0,8,8
2021-10-26 08:00:00,2021-10-26 07:58:28,2021-10-26 08:00:00,0.5,0,0,9,7
2021-10-26 08:05:00,2021-10-26 08:03:48,2021-10-26 08:05:00,0.5,0,0,8,8
2021-10-26 08:10:00,2021-10-26 08:09:09,2021-10-26 08:10:00,0.5,0,0,9,8
2021-10-26 08:15:00,2021-10-26 08:14:31,2021-10-26 08:15:00,0.5,0,0,9,7
2021-10-26 08:20:00,2021-10-26 08:19:52,2021-10-26 08:20:00,0.6,0,0,9,7
2021-10-26 08:25:00,2021-10-26 08:25:13,2021-10-26 08:25:00,0.6,0,0,9,7
2021-10-26 08:30:00,2021-10-26 08:30:34,2021-10-26 08:30:00,0.5,0,0,9,8
2021-10-26 08:35:00,2021-10-26 08:35:53,2021-10-26 08:35:00,0.5,0,0,11,9
2021-10-26 08:40:00,2021-10-26 08:41:14,2021-10-26 08:40:00,0.6,0,0,11,10
2021-10-26 08:45:00,2021-10-26 08:46:36,2021-10-26 08:45:00,0.6,0,0,11,9
2021-10-26 08:50:00,2021-10-26 08:51:57,2021-10-26 08:50:00,0.6,0,0,11,8
2021-10-26 08:55:00,2021-10-26 08:57:17,2021-10-26 08:55:00,0.6,0,0,11,9
2021-10-26 09:05:00,2021-10-26 09:02:37,2021-10-26 09:05:00,1.8,0,0,11,9
2021-10-26 09:10:00,2021-10-26 09:07:58,2021-10-26 09:10:00,1.6,0,0,12,10
2021-10-26 09:15:00,2021-10-26 09:14:25,2021-10-26 09:15:00,1.3,0,0,12,10
2021-10-26 09:20:00,2021-10-26 09:19:41,2021-10-26 09:20:00,0.6,0,0,12,10
2021-10-26 09:25:00,2021-10-26 09:25:03,2021-10-26 09:25:00,0.6,0,0,11,10
2021-10-26 09:30:00,2021-10-26 09:30:24,2021-10-26 09:30:00,1.8,0,0,12,10
2021-10-26 09:35:00,2021-10-26 09:35:45,2021-10-26 09:35:00,0.6,0,0,11,9
2021-10-26 09:40:00,2021-10-26 09:41:06,2021-10-26 09:40:00,0.6,0,0,11,8
2021-10-26 09:45:00,2021-10-26 09:46:27,2021-10-26 09:45:00,0.5,0,0,9,8
2021-10-26 09:50:00,2021-10-26 09:51:49,2021-10-26 09:50:00,0.5,0,0,8,7
2021-10-26 09:55:00,2021-10-26 09:57:15,2021-10-26 09:55:00,0.5,0,0,9,7
2021-10-26 10:05:00,2021-10-26 10:02:37,2021-10-26 10:05:00,0.5,0,0,11,7
2021-10-26 10:10:00,2021-10-26 10:08:05,2021-10-26 10:10:00,0.5,0,0,8,6
2021-10-26 10:15:00,2021-10-26 10:13:28,2021-10-26 10:15:00,0.5,0,0,9,6
2021-10-26 10:20:00,2021-10-26 10:18:50,2021-10-26 10:20:00,0.5,0,0,9,7
2021-10-26 10:25:00,2021-10-26 10:24:12,2021-10-26 10:25:00,0.5,0,0,9,7
2021-10-26 10:30:00,2021-10-26 10:29:35,2021-10-26 10:30:00,0.5,0,0,14,9
2021-10-26 10:35:00,2021-10-26 10:34:58,2021-10-26 10:35:00,0.5,0,0,9,6
2021-10-26 10:40:00,2021-10-26 10:40:20,2021-10-26 10:40:00,0.6,0,0,8,5
2021-10-26 10:45:00,2021-10-26 10:45:42,2021-10-26 10:45:00,0.5,0,0,11,7
2021-10-26 10:50:00,2021-10-26 10:51:05,2021-10-26 10:50:00,0.5,0,0,9,6
2021-10-26 11:10:00,2021-10-26 11:11:51,2021-10-26 11:10:00,1.1,0,0,16,11
2021-10-26 11:15:00,2021-10-26 11:17:25,2021-10-26 11:15:00,183.1,0,0,14,11
2021-10-26 11:25:00,2021-10-26 11:22:50,2021-10-26 11:25:00,77.8,0,0,11,9
2021-10-26 11:30:00,2021-10-26 11:28:12,2021-10-26 11:30:00,134.8,0,0,9,6
2021-10-26 11:35:00,2021-10-26 11:33:34,2021-10-26 11:35:00,48.1,0,0,11,7
2021-10-26 11:40:00,2021-10-26 11:38:56,2021-10-26 11:40:00,43.5,0,0,8,5
2021-10-26 11:45:00,2021-10-26 11:44:17,2021-10-26 11:45:00,14.2,0,0,6,3
2021-10-26 13:25:00,2021-10-26 13:26:05,2021-10-26 13:25:00,1.1,0,0,12,7
2021-10-26 13:30:00,2021-10-26 13:32:13,2021-10-26 13:30:00,48.1,0,0,8,3
2021-10-26 13:40:00,2021-10-26 13:37:52,2021-10-26 13:40:00,27.7,0,0,4,3
2021-10-26 13:45:00,2021-10-26 13:43:15,2021-10-26 13:45:00,34.5,0,0,6,3
2021-10-26 13:50:00,2021-10-26 13:48:37,2021-10-26 13:50:00,23.7,0,0,4,2
2021-10-26 13:55:00,2021-10-26 13:53:59,2021-10-26 13:55:00,25.2,0,0,3,2
2021-10-26 14:00:00,2021-10-26 13:59:22,2021-10-26 14:00:00,12.1,0,0,4,2
2021-10-26 14:05:00,2021-10-26 14:04:45,2021-10-26 14:05:00,1.8,0,0,8,3
2021-10-26 14:10:00,2021-10-26 14:10:07,2021-10-26 14:10:00,1.2,0,0,4,2
2021-10-26 14:15:00,2021-10-26 14:15:29,2021-10-26 14:15:00,1.1,0,0,4,2
2021-10-26 14:20:00,2021-10-26 14:20:51,2021-10-26 14:20:00,0.6,0,0,6,2
2021-10-26 14:25:00,2021-10-26 14:26:13,2021-10-26 14:25:00,0.6,0,0,3,1
2021-10-26 14:30:00,2021-10-26 14:31:35,2021-10-26 14:30:00,0.5,0,0,3,0
2021-10-26 14:35:00,2021-10-26 14:36:56,2021-10-26 14:35:00,0.3,0,0,4,2
2021-10-26 14:40:00,2021-10-26 14:42:18,2021-10-26 14:40:00,0.3,0,0,6,2
2021-10-26 14:50:00,2021-10-26 14:47:40,2021-10-26 14:50:00,0.3,0,0,4,3
2021-10-26 14:55:00,2021-10-26 14:53:08,2021-10-26 14:55:00,0.2,0,0,4,1
2021-10-26 15:00:00,2021-10-26 14:58:28,2021-10-26 15:00:00,0.3,0,0,3,1
2021-10-26 15:05:00,2021-10-26 15:03:50,2021-10-26 15:05:00,0.3,0,0,4,1
2021-10-26 15:10:00,2021-10-26 15:09:12,2021-10-26 15:10:00,0.3,0,0,4,2
2021-10-26 15:15:00,2021-10-26 15:14:34,2021-10-26 15:15:00,0.3,0,0,6,2
2021-10-26 15:20:00,2021-10-26 15:19:54,2021-10-26 15:20:00,0.5,0,0,9,5
2021-10-26 15:25:00,2021-10-26 15:25:16,2021-10-26 15:25:00,0.3,0,0,9,5
2021-10-26 15:30:00,2021-10-26 15:30:38,2021-10-26 15:30:00,0.3,0,0,9,4
2021-10-26 15:35:00,2021-10-26 15:35:59,2021-10-26 15:35:00,0.3,0,0,3,2
2021-10-26 15:40:00,2021-10-26 15:41:21,2021-10-26 15:40:00,0.3,0,0,3,2
2021-10-26 15:45:00,2021-10-26 15:46:43,2021-10-26 15:45:00,0.3,0,0,3,1
2021-10-26 15:50:00,2021-10-26 15:52:04,2021-10-26 15:50:00,0.3,0,0,3,1
2021-10-26 15:55:00,2021-10-26 15:57:24,2021-10-26 15:55:00,0.3,0,0,4,3
2021-10-26 16:05:00,2021-10-26 16:02:46,2021-10-26 16:05:00,0.3,0,0,4,2
2021-10-26 16:10:00,2021-10-26 16:08:08,2021-10-26 16:10:00,0.3,0,0,4,2
2021-10-26 16:15:00,2021-10-26 16:13:32,2021-10-26 16:15:00,0.3,0,0,4,1
2021-10-26 16:20:00,2021-10-26 16:18:53,2021-10-26 16:20:00,0.3,0,0,8,4
2021-10-26 16:25:00,2021-10-26 16:24:15,2021-10-26 16:25:00,0.3,0,0,3,1
2021-10-26 16:30:00,2021-10-26 16:29:37,2021-10-26 16:30:00,0.3,0,0,4,3
2021-10-26 16:35:00,2021-10-26 16:34:59,2021-10-26 16:35:00,0.3,0,0,4,2
2021-10-26 16:40:00,2021-10-26 16:40:20,2021-10-26 16:40:00,0.3,0,0,4,2
2021-10-26 16:45:00,2021-10-26 16:45:42,2021-10-26 16:45:00,0.3,0,0,3,1
2021-10-26 16:50:00,2021-10-26 16:51:04,2021-10-26 16:50:00,0.3,0,0,1,1
2021-10-26 16:55:00,2021-10-26 16:56:25,2021-10-26 16:55:00,0.3,0,0,4,1
2021-10-26 17:00:00,2021-10-26 17:01:47,2021-10-26 17:00:00,0.3,0,0,1,0
2021-10-26 17:05:00,2021-10-26 17:07:09,2021-10-26 17:05:00,0.3,0,0,3,1
2021-10-26 17:10:00,2021-10-26 17:12:30,2021-10-26 17:10:00,0.3,0,0,3,1
2021-10-26 17:20:00,2021-10-26 17:17:52,2021-10-26 17:20:00,0.3,0,0,4,3
2021-10-26 17:25:00,2021-10-26 17:23:14,2021-10-26 17:25:00,0.3,0,0,4,3
2021-10-26 17:30:00,2021-10-26 17:28:36,2021-10-26 17:30:00,0.3,0,0,4,3
2021-10-26 17:35:00,2021-10-26 17:33:57,2021-10-26 17:35:00,0.3,0,0,6,4
2021-10-26 17:40:00,2021-10-26 17:39:21,2021-10-26 17:40:00,0.3,0,0,8,7
2021-10-26 17:45:00,2021-10-26 17:44:41,2021-10-26 17:45:00,0.3,0,0,8,6
2021-10-26 17:50:00,2021-10-26 17:50:03,2021-10-26 17:50:00,0.3,0,0,6,5
2021-10-26 17:55:00,2021-10-26 17:55:25,2021-10-26 17:55:00,0.3,0,0,6,6
2021-10-26 18:00:00,2021-10-26 18:00:46,2021-10-26 18:00:00,0.3,0,0,8,6
2021-10-26 18:05:00,2021-10-26 18:06:08,2021-10-26 18:05:00,0.3,0,0,8,6
2021-10-26 18:10:00,2021-10-26 18:11:30,2021-10-26 18:10:00,0.3,0,0,8,6
2021-10-26 18:15:00,2021-10-26 18:16:51,2021-10-26 18:15:00,0.3,0,0,8,6
2021-10-26 18:20:00,2021-10-26 18:22:13,2021-10-26 18:20:00,1.2,0,0,8,6
2021-10-26 18:30:00,2021-10-26 18:27:35,2021-10-26 18:30:00,1.2,0,0,17,7
2021-10-26 18:35:00,2021-10-26 18:32:55,2021-10-26 18:35:00,1.2,0,0,17,13
2021-10-26 18:40:00,2021-10-26 18:38:17,2021-10-26 18:40:00,188.2,91.74,0,14,11
2021-10-26 18:45:00,2021-10-26 18:43:39,2021-10-26 18:45:00,194.7,132.88,0,16,14
2021-10-26 18:50:00,2021-10-26 18:49:01,2021-10-26 18:50:00,192.3,131.24,0,14,12
2021-10-26 18:55:00,2021-10-26 18:54:22,2021-10-26 18:55:00,184.8,36.03,0,16,12
2021-10-26 19:00:00,2021-10-26 18:59:43,2021-10-26 19:00:00,184.6,35.99,0,12,11
2021-10-26 19:05:00,2021-10-26 19:05:03,2021-10-26 19:05:00,182.8,35.64,0,11,10
2021-10-26 19:10:00,2021-10-26 19:10:25,2021-10-26 19:10:00,181.2,0,0,11,9
2021-10-26 19:15:00,2021-10-26 19:15:47,2021-10-26 19:15:00,182.5,0,0,11,9
2021-10-26 19:20:00,2021-10-26 19:21:08,2021-10-26 19:20:00,180.6,0,0,11,11
2021-10-26 19:25:00,2021-10-26 19:26:30,2021-10-26 19:25:00,184.6,35.99,0,14,11
2021-10-26 19:30:00,2021-10-26 19:31:52,2021-10-26 19:30:00,182.2,0,0,11,10
2021-10-26 19:35:00,2021-10-26 19:37:13,2021-10-26 19:35:00,182.3,0,0,12,10
2021-10-26 19:45:00,2021-10-26 19:42:35,2021-10-26 19:45:00,183.6,0,0,12,11
2021-10-26 19:50:00,2021-10-26 19:47:56,2021-10-26 19:50:00,183.7,35.82,0,14,12
2021-10-26 19:55:00,2021-10-26 19:53:17,2021-10-26 19:55:00,182.3,35.54,0,14,12
2021-10-26 20:00:00,2021-10-26 19:58:39,2021-10-26 20:00:00,184.7,36.01,0,16,13
2021-10-26 20:05:00,2021-10-26 20:04:00,2021-10-26 20:05:00,204.7,199.58,0,16,13
2021-10-26 20:10:00,2021-10-26 20:09:22,2021-10-26 20:10:00,183,17.84,0,16,13
2021-10-26 20:15:00,2021-10-26 20:14:44,2021-10-26 20:15:00,184.7,90.04,0,16,13
2021-10-26 20:20:00,2021-10-26 20:20:04,2021-10-26 20:20:00,186.7,91.01,0.1,16,14
2021-10-26 20:25:00,2021-10-26 20:25:26,2021-10-26 20:25:00,190.8,130.22,0.1,17,15
2021-10-26 20:30:00,2021-10-26 20:30:47,2021-10-26 20:30:00,186.7,91.01,0.1,17,15
2021-10-26 20:35:00,2021-10-26 20:36:09,2021-10-26 20:35:00,209.5,204.26,0.1,16,14
2021-10-26 20:40:00,2021-10-26 20:41:31,2021-10-26 20:40:00,186.3,90.82,0.1,17,15
2021-10-26 20:45:00,2021-10-26 20:46:52,2021-10-26 20:45:00,186.2,90.77,0.1,17,13
2021-10-26 20:50:00,2021-10-26 20:52:14,2021-10-26 20:50:00,186.5,90.91,0.1,14,12
2021-10-26 21:00:00,2021-10-26 20:57:36,2021-10-26 21:00:00,186.3,90.82,0.1,12,11
2021-10-26 21:05:00,2021-10-26 21:02:57,2021-10-26 21:05:00,184.1,35.89,0.1,11,9
2021-10-26 21:10:00,2021-10-26 21:08:19,2021-10-26 21:10:00,164.7,0,0.1,12,9
2021-10-26 21:15:00,2021-10-26 21:13:40,2021-10-26 21:15:00,125.1,0,0.1,11,9
2021-10-26 21:20:00,2021-10-26 21:19:02,2021-10-26 21:20:00,170.2,0,0.1,11,9
2021-10-26 21:50:00,2021-10-26 21:51:09,2021-10-26 21:50:00,158.5,0,0.1,9,9
2021-10-26 21:55:00,2021-10-26 21:56:31,2021-10-26 21:55:00,182.5,0,0.1,11,10
2021-10-26 22:05:00,2021-10-26 22:02:36,2021-10-26 22:05:00,151.1,0,0.1,12,10
2021-10-26 22:10:00,2021-10-26 22:07:59,2021-10-26 22:10:00,180.5,0,0.1,12,12
2021-10-26 22:15:00,2021-10-26 22:13:21,2021-10-26 22:15:00,157.7,0,0.1,12,11
2021-10-26 22:20:00,2021-10-26 22:18:43,2021-10-26 22:20:00,182.3,0,0.1,12,12
2021-10-26 22:25:00,2021-10-26 22:24:06,2021-10-26 22:25:00,182.8,35.64,0.1,11,11
2021-10-26 22:30:00,2021-10-26 22:29:29,2021-10-26 22:30:00,183.1,0,0.1,11,11
2021-10-26 22:35:00,2021-10-26 22:34:52,2021-10-26 22:35:00,182.1,0,0.1,11,10
2021-10-26 22:40:00,2021-10-26 22:40:14,2021-10-26 22:40:00,183.5,0,0.1,11,10
2021-10-26 22:45:00,2021-10-26 22:45:36,2021-10-26 22:45:00,182.8,0,0.1,11,9
2021-10-26 22:50:00,2021-10-26 22:50:59,2021-10-26 22:50:00,179,0,0.1,9,8
2021-10-26 22:55:00,2021-10-26 22:56:22,2021-10-26 22:55:00,134.5,0,0.1,9,8
2021-10-26 23:00:00,2021-10-26 23:01:45,2021-10-26 23:00:00,136.2,0,0.1,9,8
2021-10-26 23:05:00,2021-10-26 23:07:08,2021-10-26 23:05:00,149.3,0,0.1,9,8
2021-10-26 23:10:00,2021-10-26 23:12:30,2021-10-26 23:10:00,53.8,0,0.1,8,6
2021-10-26 23:20:00,2021-10-26 23:17:52,2021-10-26 23:20:00,57.8,0,0.1,6,5
2021-10-26 23:25:00,2021-10-26 23:23:15,2021-10-26 23:25:00,49.8,0,0.1,6,5
2021-10-26 23:30:00,2021-10-26 23:28:38,2021-10-26 23:30:00,50.1,0,0.1,6,5
2021-10-26 23:35:00,2021-10-26 23:34:01,2021-10-26 23:35:00,41.7,0,0.1,8,7
2021-10-26 23:40:00,2021-10-26 23:39:23,2021-10-26 23:40:00,57.7,0,0.1,8,8
2021-10-26 23:45:00,2021-10-26 23:44:45,2021-10-26 23:45:00,59.1,0,0.1,8,6
2021-10-26 23:50:00,2021-10-26 23:50:08,2021-10-26 23:50:00,77.8,0,0.1,8,8
2021-10-26 23:55:00,2021-10-26 23:55:31,2021-10-26 23:55:00,84.6,0,0.1,8,7
2021-10-27 00:00:00,2021-10-27 00:00:54,2021-10-27 00:00:00,73.1,0,0,8,7
2021-10-27 00:05:00,2021-10-27 00:06:16,2021-10-27 00:05:00,56.2,0,0,8,6
2021-10-27 00:10:00,2021-10-27 00:11:38,2021-10-27 00:10:00,40.7,0,0,6,4
2021-10-27 00:15:00,2021-10-27 00:17:00,2021-10-27 00:15:00,38.2,0,0,4,4
2021-10-27 00:20:00,2021-10-27 00:22:23,2021-10-27 00:20:00,42.8,0,0,6,5
2021-10-27 00:30:00,2021-10-27 00:27:46,2021-10-27 00:30:00,34,0,0,6,6
2021-10-27 00:35:00,2021-10-27 00:33:09,2021-10-27 00:35:00,44.8,0,0,6,6
2021-10-27 00:40:00,2021-10-27 00:38:31,2021-10-27 00:40:00,39.5,0,0,6,4
2021-10-27 00:45:00,2021-10-27 00:43:53,2021-10-27 00:45:00,0,0,0,3,2
2021-10-27 00:50:00,2021-10-27 00:49:16,2021-10-27 00:50:00,1.8,0,0,1,0
2021-10-27 00:55:00,2021-10-27 00:54:39,2021-10-27 00:55:00,1.2,0,0,0,0
2021-10-27 01:00:00,2021-10-27 01:00:02,2021-10-27 01:00:00,1.1,0,0,1,0
2021-10-27 01:05:00,2021-10-27 01:05:25,2021-10-27 01:05:00,0.6,0,0,4,3
2021-10-27 01:10:00,2021-10-27 01:10:47,2021-10-27 01:10:00,0.6,0,0,4,3
2021-10-27 01:15:00,2021-10-27 01:16:09,2021-10-27 01:15:00,0.5,0,0,4,3
2021-10-27 01:20:00,2021-10-27 01:21:32,2021-10-27 01:20:00,0.5,0,0,3,3
2021-10-27 01:25:00,2021-10-27 01:26:55,2021-10-27 01:25:00,0.2,0,0,3,3
2021-10-27 01:30:00,2021-10-27 01:32:18,2021-10-27 01:30:00,0.3,0,0,3,2
2021-10-27 01:40:00,2021-10-27 01:37:40,2021-10-27 01:40:00,0.3,0,0,4,3
2021-10-27 01:45:00,2021-10-27 01:43:02,2021-10-27 01:45:00,0.3,0,0,4,4
2021-10-27 01:50:00,2021-10-27 01:48:25,2021-10-27 01:50:00,0.3,0,0,4,3
2021-10-27 01:55:00,2021-10-27 01:53:47,2021-10-27 01:55:00,0.5,0,0,4,3
2021-10-27 02:00:00,2021-10-27 01:59:11,2021-10-27 02:00:00,0.3,0,0,4,4
2021-10-27 02:05:00,2021-10-27 02:04:33,2021-10-27 02:05:00,0.5,0,0,4,4
2021-10-27 02:10:00,2021-10-27 02:09:55,2021-10-27 02:10:00,0.5,0,0,4,3
2021-10-27 02:15:00,2021-10-27 02:15:17,2021-10-27 02:15:00,0.5,0,0,4,3
2021-10-27 02:20:00,2021-10-27 02:20:40,2021-10-27 02:20:00,0.3,0,0,4,3
2021-10-27 02:25:00,2021-10-27 02:26:03,2021-10-27 02:25:00,0.5,0,0,4,3
2021-10-27 02:30:00,2021-10-27 02:31:26,2021-10-27 02:30:00,0.5,0,0,4,3
2021-10-27 02:35:00,2021-10-27 02:36:48,2021-10-27 02:35:00,0.3,0,0,4,3
2021-10-27 02:40:00,2021-10-27 02:42:10,2021-10-27 02:40:00,0.5,0,0,4,3
2021-10-27 02:50:00,2021-10-27 02:47:33,2021-10-27 02:50:00,0.5,0,0,4,3
2021-10-27 02:55:00,2021-10-27 02:52:56,2021-10-27 02:55:00,0.5,0,0,4,4
2021-10-27 03:00:00,2021-10-27 02:58:19,2021-10-27 03:00:00,0.5,0,0,6,4
2021-10-27 03:05:00,2021-10-27 03:03:42,2021-10-27 03:05:00,0.5,0,0,6,4
2021-10-27 03:10:00,2021-10-27 03:09:04,2021-10-27 03:10:00,0.5,0,0,6,4
2021-10-27 03:15:00,2021-10-27 03:14:26,2021-10-27 03:15:00,0.5,0,0,6,3
2021-10-27 03:20:00,2021-10-27 03:19:49,2021-10-27 03:20:00,0.5,0,0,6,3
2021-10-27 03:25:00,2021-10-27 03:25:12,2021-10-27 03:25:00,0.5,0,0,8,6
2021-10-27 03:30:00,2021-10-27 03:30:35,2021-10-27 03:30:00,0.5,0,0,8,6
2021-10-27 03:35:00,2021-10-27 03:35:57,2021-10-27 03:35:00,0.5,0,0,4,3
2021-10-27 03:40:00,2021-10-27 03:41:18,2021-10-27 03:40:00,0.5,0,0,4,4
2021-10-27 03:45:00,2021-10-27 03:46:41,2021-10-27 03:45:00,0.5,0,0,4,4
2021-10-27 03:50:00,2021-10-27 03:52:04,2021-10-27 03:50:00,0.5,0,0,6,3
2021-10-27 03:55:00,2021-10-27 03:57:28,2021-10-27 03:55:00,0.5,0,0,4,3
2021-10-27 04:05:00,2021-10-27 04:02:50,2021-10-27 04:05:00,0.5,0,0,8,5
2021-10-27 04:10:00,2021-10-27 04:08:12,2021-10-27 04:10:00,0.5,0,0,6,6
2021-10-27 04:15:00,2021-10-27 04:13:35,2021-10-27 04:15:00,0.5,0,0,6,6
2021-10-27 04:20:00,2021-10-27 04:18:57,2021-10-27 04:20:00,0.5,0,0,8,6
2021-10-27 04:25:00,2021-10-27 04:24:20,2021-10-27 04:25:00,0.5,0,0,8,7
2021-10-27 04:30:00,2021-10-27 04:29:43,2021-10-27 04:30:00,98.2,0,0,9,8
2021-10-27 04:35:00,2021-10-27 04:35:05,2021-10-27 04:35:00,168,0,0,8,7
2021-10-27 04:40:00,2021-10-27 04:40:29,2021-10-27 04:40:00,61.6,0,0,6,4
2021-10-27 04:45:00,2021-10-27 04:45:50,2021-10-27 04:45:00,24.6,0,0,4,4
2021-10-27 04:50:00,2021-10-27 04:51:13,2021-10-27 04:50:00,22,0,0,6,4
2021-10-27 04:55:00,2021-10-27 04:56:36,2021-10-27 04:55:00,1.2,0,0,6,4
2021-10-27 05:00:00,2021-10-27 05:01:59,2021-10-27 05:00:00,1.8,0,0,6,5
2021-10-27 05:05:00,2021-10-27 05:07:21,2021-10-27 05:05:00,1.2,0,0,4,3
2021-10-27 05:15:00,2021-10-27 05:12:43,2021-10-27 05:15:00,1.1,0,0,4,3
2021-10-27 05:20:00,2021-10-27 05:18:06,2021-10-27 05:20:00,0.6,0,0,4,3
2021-10-27 05:25:00,2021-10-27 05:23:29,2021-10-27 05:25:00,0.6,0,0,3,1
2021-10-27 05:30:00,2021-10-27 05:28:52,2021-10-27 05:30:00,0.5,0,0,3,1
2021-10-27 05:35:00,2021-10-27 05:34:14,2021-10-27 05:35:00,0.3,0,0,4,3
2021-10-27 05:40:00,2021-10-27 05:39:36,2021-10-27 05:40:00,0.3,0,0,4,3
2021-10-27 05:45:00,2021-10-27 05:44:59,2021-10-27 05:45:00,0.3,0,0,8,6
2021-10-27 05:50:00,2021-10-27 05:50:22,2021-10-27 05:50:00,0.3,0,0,9,8
2021-10-27 05:55:00,2021-10-27 05:55:45,2021-10-27 05:55:00,0.3,0,0,8,8
2021-10-27 06:00:00,2021-10-27 06:01:08,2021-10-27 06:00:00,0.5,0,0,8,6
2021-10-27 06:05:00,2021-10-27 06:06:30,2021-10-27 06:05:00,0.5,0,0,6,4
2021-10-27 06:10:00,2021-10-27 06:11:52,2021-10-27 06:10:00,0.5,0,0,6,4
2021-10-27 06:15:00,2021-10-27 06:17:14,2021-10-27 06:15:00,0.5,0,0,4,4
2021-10-27 06:25:00,2021-10-27 06:22:37,2021-10-27 06:25:00,0.5,0,0,6,4
2021-10-27 06:30:00,2021-10-27 06:28:43,2021-10-27 06:30:00,0.5,0,0,6,5
2021-10-27 06:35:00,2021-10-27 06:34:04,2021-10-27 06:35:00,0.5,0,0,4,4
2021-10-27 06:40:00,2021-10-27 06:39:25,2021-10-27 06:40:00,0.5,0,0,6,5
2021-10-27 06:45:00,2021-10-27 06:44:45,2021-10-27 06:45:00,0.5,0,0,8,7
2021-10-27 06:50:00,2021-10-27 06:50:07,2021-10-27 06:50:00,0.5,0,0,9,8
2021-10-27 06:55:00,2021-10-27 06:55:28,2021-10-27 06:55:00,0.5,0,0,11,9
2021-10-27 07:00:00,2021-10-27 07:00:50,2021-10-27 07:00:00,0.6,0,0,11,9
2021-10-27 07:05:00,2021-10-27 07:06:10,2021-10-27 07:05:00,0.5,0,0,8,7
2021-10-27 07:10:00,2021-10-27 07:11:31,2021-10-27 07:10:00,0.5,0,0,6,5
2021-10-27 07:30:00,2021-10-27 07:27:35,2021-10-27 07:30:00,0.5,0,0,8,8
2021-10-27 07:35:00,2021-10-27 07:32:56,2021-10-27 07:35:00,0.5,0,0,8,7
2021-10-27 07:40:00,2021-10-27 07:38:17,2021-10-27 07:40:00,0.5,0,0,9,7
2021-10-27 07:45:00,2021-10-27 07:43:38,2021-10-27 07:45:00,0.5,0,0,8,5
2021-10-27 07:50:00,2021-10-27 07:48:59,2021-10-27 07:50:00,0.5,0,0,6,3
2021-10-27 07:55:00,2021-10-27 07:54:21,2021-10-27 07:55:00,0.5,0,0,3,2
2021-10-27 08:00:00,2021-10-27 07:59:42,2021-10-27 08:00:00,0.5,0,0,4,3
2021-10-27 08:05:00,2021-10-27 08:05:03,2021-10-27 08:05:00,0.5,0,0,6,4
2021-10-27 08:10:00,2021-10-27 08:10:23,2021-10-27 08:10:00,0.5,0,0,6,5
2021-10-27 08:15:00,2021-10-27 08:15:44,2021-10-27 08:15:00,0.5,0,0,9,7
2021-10-27 08:20:00,2021-10-27 08:21:06,2021-10-27 08:20:00,0.6,0,0,12,10
2021-10-27 08:25:00,2021-10-27 08:26:27,2021-10-27 08:25:00,1.6,0,0,12,10
2021-10-27 08:30:00,2021-10-27 08:31:49,2021-10-27 08:30:00,0.8,0,0,12,11
2021-10-27 08:35:00,2021-10-27 08:37:09,2021-10-27 08:35:00,0.6,0,0,12,11
2021-10-27 08:40:00,2021-10-27 08:42:30,2021-10-27 08:40:00,56,0,0,16,12
2021-10-27 08:50:00,2021-10-27 08:47:52,2021-10-27 08:50:00,183.2,0,0,14,11
2021-10-27 08:55:00,2021-10-27 08:53:13,2021-10-27 08:55:00,189.1,129.06,0,17,13
2021-10-27 09:00:00,2021-10-27 08:58:35,2021-10-27 09:00:00,183.2,0,0,14,11
2021-10-27 09:05:00,2021-10-27 09:03:57,2021-10-27 09:05:00,165.5,0,0,22,16
2021-10-27 09:10:00,2021-10-27 09:09:17,2021-10-27 09:10:00,223.6,261.61,0,17,13
2021-10-27 09:15:00,2021-10-27 09:14:38,2021-10-27 09:15:00,199.2,194.21,0.1,17,13
2021-10-27 09:20:00,2021-10-27 09:20:00,2021-10-27 09:20:00,189,128.99,0.1,16,13
2021-10-27 09:25:00,2021-10-27 09:25:20,2021-10-27 09:25:00,189.5,129.33,0.1,16,13
2021-10-27 09:30:00,2021-10-27 09:30:42,2021-10-27 09:30:00,180.6,0,0.1,24,16
2021-10-27 09:35:00,2021-10-27 09:36:03,2021-10-27 09:35:00,184.1,35.89,0.1,22,17
2021-10-27 09:40:00,2021-10-27 09:41:24,2021-10-27 09:40:00,212.6,207.28,0.1,25,21
2021-10-27 09:45:00,2021-10-27 09:46:44,2021-10-27 09:45:00,178.6,0,0.1,24,17
2021-10-27 09:50:00,2021-10-27 09:52:06,2021-10-27 09:50:00,250.7,366.64,0.1,25,22
2021-10-27 09:55:00,2021-10-27 09:57:28,2021-10-27 09:55:00,212.2,206.89,0.2,27,20
2021-10-27 10:05:00,2021-10-27 10:02:50,2021-10-27 10:05:00,230.6,269.8,0.2,30,25
2021-10-27 10:10:00,2021-10-27 10:08:11,2021-10-27 10:10:00,245.7,359.33,0.2,25,19
2021-10-27 10:15:00,2021-10-27 10:13:31,2021-10-27 10:15:00,175.2,0,0.3,27,20
2021-10-27 10:20:00,2021-10-27 10:18:53,2021-10-27 10:20:00,228.6,289.75,0.3,32,22
2021-10-27 10:25:00,2021-10-27 10:24:15,2021-10-27 10:25:00,187.2,36.5,0.3,25,22
2021-10-27 10:30:00,2021-10-27 10:29:37,2021-10-27 10:30:00,307.3,898.85,0.3,32,25
2021-10-27 10:35:00,2021-10-27 10:34:58,2021-10-27 10:35:00,305.8,894.46,0.4,30,24
2021-10-27 10:40:00,2021-10-27 10:40:19,2021-10-27 10:40:00,211.2,205.92,0.5,28,23
2021-10-27 10:45:00,2021-10-27 10:45:40,2021-10-27 10:45:00,209.3,204.06,0.5,25,21
2021-10-27 10:50:00,2021-10-27 10:51:02,2021-10-27 10:50:00,196,191.1,0.6,30,22
2021-10-27 10:55:00,2021-10-27 10:56:23,2021-10-27 10:55:00,299.1,729.05,0.6,30,24
2021-10-27 11:00:00,2021-10-27 11:01:45,2021-10-27 11:00:00,199.1,194.12,0.7,24,20
2021-10-27 11:05:00,2021-10-27 11:07:06,2021-10-27 11:05:00,258.2,427.96,0.7,24,19
2021-10-27 11:10:00,2021-10-27 11:12:27,2021-10-27 11:10:00,276.1,592.23,0.7,27,21
2021-10-27 11:20:00,2021-10-27 11:17:48,2021-10-27 11:20:00,292.6,770.26,0.8,25,17
2021-10-27 11:25:00,2021-10-27 11:23:11,2021-10-27 11:25:00,245,358.31,0.8,20,16
2021-10-27 11:30:00,2021-10-27 11:28:32,2021-10-27 11:30:00,214,208.65,0.8,25,18
2021-10-27 11:35:00,2021-10-27 11:33:54,2021-10-27 11:35:00,209.1,203.87,0.8,28,25
2021-10-27 11:40:00,2021-10-27 11:39:15,2021-10-27 11:40:00,201.5,196.46,0.9,28,21
2021-10-27 11:45:00,2021-10-27 11:44:35,2021-10-27 11:45:00,337.2,1315.08,0.9,24,19
2021-10-27 11:50:00,2021-10-27 11:49:57,2021-10-27 11:50:00,280.3,601.24,0.9,28,19
2021-10-27 11:55:00,2021-10-27 11:55:19,2021-10-27 11:55:00,287.8,701.51,1,25,21
2021-10-27 12:00:00,2021-10-27 12:00:41,2021-10-27 12:00:00,184.5,89.94,1,25,20
2021-10-27 12:05:00,2021-10-27 12:06:02,2021-10-27 12:05:00,192.6,131.44,1,24,19
2021-10-27 12:10:00,2021-10-27 12:11:22,2021-10-27 12:10:00,275.8,591.59,1.1,25,19
2021-10-27 12:15:00,2021-10-27 12:16:44,2021-10-27 12:15:00,238.1,348.22,1.1,25,21
2021-10-27 12:20:00,2021-10-27 12:22:06,2021-10-27 12:20:00,301.3,793.17,1.1,24,17
2021-10-27 12:25:00,2021-10-27 12:27:28,2021-10-27 12:25:00,182.3,0,1.2,25,19
2021-10-27 12:35:00,2021-10-27 12:32:49,2021-10-27 12:35:00,184.8,90.09,1.2,28,21
2021-10-27 12:40:00,2021-10-27 12:38:16,2021-10-27 12:40:00,186.6,90.96,1.3,27,22
2021-10-27 12:45:00,2021-10-27 12:43:37,2021-10-27 12:45:00,236.7,346.17,1.3,25,17
2021-10-27 12:50:00,2021-10-27 12:48:59,2021-10-27 12:50:00,197,153.66,1.3,25,20
2021-10-27 12:55:00,2021-10-27 12:54:20,2021-10-27 12:55:00,206.8,201.63,1.4,24,19
2021-10-27 13:00:00,2021-10-27 12:59:41,2021-10-27 13:00:00,308.2,901.48,1.4,25,21
2021-10-27 13:05:00,2021-10-27 13:05:02,2021-10-27 13:05:00,228.5,267.34,1.4,22,18
2021-10-27 13:10:00,2021-10-27 13:10:24,2021-10-27 13:10:00,192.6,131.44,1.5,24,20
2021-10-27 13:15:00,2021-10-27 13:15:45,2021-10-27 13:15:00,211.3,206.01,1.5,25,21
2021-10-27 13:20:00,2021-10-27 13:21:07,2021-10-27 13:20:00,216.7,211.28,1.5,25,17
2021-10-27 13:25:00,2021-10-27 13:26:28,2021-10-27 13:25:00,193.2,150.69,1.5,22,16
2021-10-27 13:30:00,2021-10-27 13:31:49,2021-10-27 13:30:00,220,257.4,1.6,22,17
2021-10-27 13:35:00,2021-10-27 13:37:11,2021-10-27 13:35:00,186.1,36.28,1.6,22,16
2021-10-27 13:45:00,2021-10-27 13:42:32,2021-10-27 13:45:00,252.8,419.01,1.6,25,21
2021-10-27 13:50:00,2021-10-27 13:47:54,2021-10-27 13:50:00,226.3,264.77,1.6,20,15
2021-10-27 13:55:00,2021-10-27 13:53:16,2021-10-27 13:55:00,240.1,351.14,1.6,17,15
2021-10-27 14:00:00,2021-10-27 13:58:37,2021-10-27 14:00:00,190,129.67,1.6,24,17
2021-10-27 14:05:00,2021-10-27 14:03:57,2021-10-27 14:05:00,215.8,210.4,1.7,22,16
2021-10-27 14:10:00,2021-10-27 14:09:19,2021-10-27 14:10:00,256.1,424.48,1.7,16,12
2021-10-27 14:15:00,2021-10-27 14:14:42,2021-10-27 14:15:00,230.7,269.91,1.7,20,18
2021-10-27 14:20:00,2021-10-27 14:20:03,2021-10-27 14:20:00,258.5,428.46,1.7,20,17
2021-10-27 14:25:00,2021-10-27 14:25:24,2021-10-27 14:25:00,274.7,589.23,1.7,32,19
2021-10-27 14:30:00,2021-10-27 14:30:44,2021-10-27 14:30:00,275.2,590.3,1.8,24,19
2021-10-27 14:35:00,2021-10-27 14:36:06,2021-10-27 14:35:00,266.3,519.28,1.8,22,17
2021-10-27 14:40:00,2021-10-27 14:42:04,2021-10-27 14:40:00,263.2,513.24,1.8,24,18
2021-10-27 14:45:00,2021-10-27 14:47:22,2021-10-27 14:45:00,288.6,731.6,1.8,25,19
2021-10-27 14:55:00,2021-10-27 14:52:43,2021-10-27 14:55:00,243.6,356.26,1.9,20,20
2021-10-27 15:00:00,2021-10-27 14:58:07,2021-10-27 15:00:00,261,458.05,1.9,17,17
2021-10-27 15:05:00,2021-10-27 15:03:29,2021-10-27 15:05:00,231.5,338.56,1.9,22,18
2021-10-27 15:10:00,2021-10-27 15:08:51,2021-10-27 15:10:00,190.8,130.22,1.9,20,17
2021-10-27 15:15:00,2021-10-27 15:14:12,2021-10-27 15:15:00,237.6,347.48,2,19,16
2021-10-27 15:20:00,2021-10-27 15:19:33,2021-10-27 15:20:00,186,90.67,2,28,20
2021-10-27 15:25:00,2021-10-27 15:24:55,2021-10-27 15:25:00,295.5,777.9,2,25,22
2021-10-27 15:30:00,2021-10-27 15:30:16,2021-10-27 15:30:00,278.5,597.38,2.1,27,23
2021-10-27 15:35:00,2021-10-27 15:35:38,2021-10-27 15:35:00,319.7,1090.97,2.1,27,20
2021-10-27 15:40:00,2021-10-27 15:40:59,2021-10-27 15:40:00,313.2,977.18,2.2,25,21
2021-10-27 15:45:00,2021-10-27 15:46:20,2021-10-27 15:45:00,280.3,601.24,2.2,28,22
2021-10-27 15:50:00,2021-10-27 15:51:42,2021-10-27 15:50:00,280,600.6,2.3,32,24
2021-10-27 15:55:00,2021-10-27 15:57:04,2021-10-27 15:55:00,193.2,131.85,2.3,28,23
2021-10-27 16:00:00,2021-10-27 16:02:26,2021-10-27 16:00:00,240.6,351.87,2.4,27,19
2021-10-27 16:10:00,2021-10-27 16:07:48,2021-10-27 16:10:00,236.3,345.58,2.4,28,21
2021-10-27 16:15:00,2021-10-27 16:13:10,2021-10-27 16:15:00,246.1,383.91,2.4,25,22
2021-10-27 16:20:00,2021-10-27 16:18:35,2021-10-27 16:20:00,238.5,348.8,2.5,25,21
2021-10-27 16:25:00,2021-10-27 16:23:55,2021-10-27 16:25:00,284,609.18,2.5,27,22
2021-10-27 16:30:00,2021-10-27 16:29:17,2021-10-27 16:30:00,202.7,197.63,2.6,25,20
2021-10-27 16:35:00,2021-10-27 16:34:40,2021-10-27 16:35:00,218.2,212.74,2.6,24,19
2021-10-27 16:40:00,2021-10-27 16:40:01,2021-10-27 16:40:00,256.3,424.81,2.6,24,18
2021-10-27 16:45:00,2021-10-27 16:45:23,2021-10-27 16:45:00,244.5,357.58,2.6,24,19
2021-10-27 16:50:00,2021-10-27 16:50:45,2021-10-27 16:50:00,242.7,354.94,2.7,24,21
2021-10-27 16:55:00,2021-10-27 16:56:07,2021-10-27 16:55:00,327.7,1118.27,2.7,24,22
2021-10-27 17:00:00,2021-10-27 17:01:29,2021-10-27 17:00:00,222.8,260.67,2.8,25,19
2021-10-27 17:05:00,2021-10-27 17:06:51,2021-10-27 17:05:00,302.8,885.69,2.8,22,19
2021-10-27 17:10:00,2021-10-27 17:12:12,2021-10-27 17:10:00,184.1,35.89,2.9,25,19
2021-10-27 17:20:00,2021-10-27 17:17:34,2021-10-27 17:20:00,239.8,350.7,2.9,22,18
2021-10-27 17:25:00,2021-10-27 17:22:56,2021-10-27 17:25:00,221.6,237.66,2.9,19,16
2021-10-27 17:30:00,2021-10-27 17:28:17,2021-10-27 17:30:00,183.6,35.8,2.9,20,17
2021-10-27 17:35:00,2021-10-27 17:33:39,2021-10-27 17:35:00,241.1,352.6,2.9,19,16
2021-10-27 17:40:00,2021-10-27 17:39:01,2021-10-27 17:40:00,184.8,90.09,2.9,22,18
2021-10-27 17:45:00,2021-10-27 17:44:22,2021-10-27 17:45:00,272.3,530.98,3,22,19
2021-10-27 17:50:00,2021-10-27 17:49:44,2021-10-27 17:50:00,261.7,459.28,3,24,17
2021-10-27 17:55:00,2021-10-27 17:55:06,2021-10-27 17:55:00,238.1,348.22,3,20,15
2021-10-27 18:00:00,2021-10-27 18:00:28,2021-10-27 18:00:00,191.6,130.76,3,20,16
2021-10-27 18:05:00,2021-10-27 18:05:50,2021-10-27 18:05:00,192.6,131.44,3.1,17,17
2021-10-27 18:10:00,2021-10-27 18:11:12,2021-10-27 18:10:00,184.7,36.01,3.1,17,15
2021-10-27 18:15:00,2021-10-27 18:16:33,2021-10-27 18:15:00,242,353.92,3.1,19,17
2021-10-27 18:20:00,2021-10-27 18:21:54,2021-10-27 18:20:00,188.5,128.65,3.1,22,22
2021-10-27 18:25:00,2021-10-27 18:27:16,2021-10-27 18:25:00,199.6,194.6,3.1,17,15
2021-10-27 18:35:00,2021-10-27 18:32:38,2021-10-27 18:35:00,244.5,381.42,3.1,24,20
2021-10-27 18:40:00,2021-10-27 18:38:00,2021-10-27 18:40:00,233.6,341.64,3.2,25,22
2021-10-27 18:45:00,2021-10-27 18:43:22,2021-10-27 18:45:00,262.7,512.26,3.2,25,19
2021-10-27 18:50:00,2021-10-27 18:48:44,2021-10-27 18:50:00,208,202.79,3.3,22,17
2021-10-27 18:55:00,2021-10-27 18:54:05,2021-10-27 18:55:00,229.2,268.16,3.3,25,19
2021-10-27 19:00:00,2021-10-27 18:59:27,2021-10-27 19:00:00,208.7,203.48,3.3,27,22
2021-10-27 19:05:00,2021-10-27 19:04:49,2021-10-27 19:05:00,220.3,236.27,3.3,25,22
2021-10-27 19:10:00,2021-10-27 19:10:11,2021-10-27 19:10:00,232.2,339.59,3.4,12,12
2021-10-27 19:15:00,2021-10-27 19:15:33,2021-10-27 19:15:00,203.7,198.6,3.4,20,20
2021-10-27 19:35:00,2021-10-27 19:37:00,2021-10-27 19:35:00,188.7,128.78,3.5,19,19
2021-10-27 19:40:00,2021-10-27 19:42:22,2021-10-27 19:40:00,189.1,129.06,3.5,16,16
2021-10-27 20:15:00,2021-10-27 20:14:49,2021-10-27 20:15:00,189.2,129.12,3.6,14,14
2021-10-27 20:20:00,2021-10-27 20:20:09,2021-10-27 20:20:00,184.6,35.99,3.6,12,12
2021-10-27 20:25:00,2021-10-27 20:25:29,2021-10-27 20:25:00,185.3,36.13,3.6,17,13
2021-10-27 20:30:00,2021-10-27 20:30:50,2021-10-27 20:30:00,183.5,35.78,3.6,16,15
2021-10-27 20:35:00,2021-10-27 20:36:11,2021-10-27 20:35:00,180.6,0,3.6,12,11
2021-10-27 20:40:00,2021-10-27 20:41:33,2021-10-27 20:40:00,182.8,0,3.6,12,12
2021-10-27 20:45:00,2021-10-27 20:46:53,2021-10-27 20:45:00,162,0,3.6,11,10
2021-10-27 20:50:00,2021-10-27 20:52:13,2021-10-27 20:50:00,186.5,54.55,3.6,12,11
2021-10-27 21:00:00,2021-10-27 20:57:34,2021-10-27 21:00:00,183.3,35.74,3.6,12,10
2021-10-27 21:25:00,2021-10-27 21:24:18,2021-10-27 21:25:00,182.1,0,3.6,14,14
2021-10-27 21:30:00,2021-10-27 21:29:40,2021-10-27 21:30:00,182.5,0,3.6,9,8
2021-10-27 21:35:00,2021-10-27 21:35:01,2021-10-27 21:35:00,101.6,0,3.6,9,9
2021-10-27 21:40:00,2021-10-27 21:40:22,2021-10-27 21:40:00,180.7,0,3.6,9,8
2021-10-27 21:45:00,2021-10-27 21:45:42,2021-10-27 21:45:00,88.7,0,3.6,9,8
2021-10-27 21:50:00,2021-10-27 21:51:02,2021-10-27 21:50:00,80.5,0,3.6,9,6
2021-10-27 21:55:00,2021-10-27 21:56:24,2021-10-27 21:55:00,181.7,0,3.6,11,11
2021-10-27 22:05:00,2021-10-27 22:07:06,2021-10-27 22:05:00,184,35.88,3.6,9,9
2021-10-27 22:10:00,2021-10-27 22:12:27,2021-10-27 22:10:00,182.8,35.64,3.6,9,8
2021-10-27 22:20:00,2021-10-27 22:17:47,2021-10-27 22:20:00,182.2,35.52,3.6,11,11
2021-10-27 22:25:00,2021-10-27 22:23:08,2021-10-27 22:25:00,182.5,0,3.6,12,9
2021-10-27 22:30:00,2021-10-27 22:28:29,2021-10-27 22:30:00,170.6,0,3.6,12,11
2021-10-27 22:35:00,2021-10-27 22:33:50,2021-10-27 22:35:00,172,0,3.6,12,11
2021-10-27 22:40:00,2021-10-27 22:39:11,2021-10-27 22:40:00,142.6,0,3.6,14,11
2021-10-27 22:45:00,2021-10-27 22:44:31,2021-10-27 22:45:00,183.7,35.82,3.6,12,10
2021-10-27 22:50:00,2021-10-27 22:49:52,2021-10-27 22:50:00,181.8,0,3.6,12,11
2021-10-27 22:55:00,2021-10-27 22:55:13,2021-10-27 22:55:00,177.6,0,3.6,12,10
2021-10-27 23:00:00,2021-10-27 23:00:34,2021-10-27 23:00:00,168.1,0,3.6,12,10
2021-10-27 23:05:00,2021-10-27 23:05:56,2021-10-27 23:05:00,174.6,0,3.6,12,10
2021-10-27 23:10:00,2021-10-27 23:11:17,2021-10-27 23:10:00,159.8,0,3.6,12,10
2021-10-27 23:15:00,2021-10-27 23:16:37,2021-10-27 23:15:00,166.6,0,3.6,12,10
2021-10-27 23:20:00,2021-10-27 23:21:57,2021-10-27 23:20:00,170.3,0,3.6,11,10
2021-10-27 23:25:00,2021-10-27 23:27:18,2021-10-27 23:25:00,182.1,0,3.6,11,10
2021-10-27 23:35:00,2021-10-27 23:32:40,2021-10-27 23:35:00,118.5,0,3.6,11,9
2021-10-27 23:40:00,2021-10-27 23:38:01,2021-10-27 23:40:00,182.3,0,3.6,11,9
2021-10-27 23:45:00,2021-10-27 23:43:21,2021-10-27 23:45:00,155.2,0,3.6,11,8
2021-10-27 23:50:00,2021-10-27 23:48:41,2021-10-27 23:50:00,73.2,0,3.6,11,9
2021-10-27 23:55:00,2021-10-27 23:54:03,2021-10-27 23:55:00,166.1,0,3.6,11,9
2021-10-28 00:00:00,2021-10-27 23:59:24,2021-10-28 00:00:00,154.5,0,3.6,12,9
2021-10-28 00:05:00,2021-10-28 00:04:45,2021-10-28 00:05:00,173.3,0,0,11,10
2021-10-28 00:10:00,2021-10-28 00:10:06,2021-10-28 00:10:00,151.3,0,0,14,11
2021-10-28 00:15:00,2021-10-28 00:15:26,2021-10-28 00:15:00,186.3,90.82,0,12,11
2021-10-28 00:20:00,2021-10-28 00:20:47,2021-10-28 00:20:00,182.8,35.64,0,16,12
2021-10-28 00:25:00,2021-10-28 00:26:08,2021-10-28 00:25:00,188.8,92.04,0,14,11
2021-10-28 00:30:00,2021-10-28 00:31:31,2021-10-28 00:30:00,188.6,91.94,0,14,11
2021-10-28 00:35:00,2021-10-28 00:36:50,2021-10-28 00:35:00,190.3,129.87,0,14,11
2021-10-28 00:40:00,2021-10-28 00:42:10,2021-10-28 00:40:00,181.8,0,0,14,11
2021-10-28 00:50:00,2021-10-28 00:47:31,2021-10-28 00:50:00,162.6,0,0,14,11
2021-10-28 00:55:00,2021-10-28 00:52:52,2021-10-28 00:55:00,182.3,0,0,12,11
2021-10-28 01:00:00,2021-10-28 00:58:13,2021-10-28 01:00:00,183.6,35.8,0,14,11
2021-10-28 01:05:00,2021-10-28 01:03:34,2021-10-28 01:05:00,184.5,35.97,0,12,11
2021-10-28 01:10:00,2021-10-28 01:08:55,2021-10-28 01:10:00,183.1,0,0,12,10
2021-10-28 01:15:00,2021-10-28 01:14:16,2021-10-28 01:15:00,187.1,91.21,0,11,10
2021-10-28 01:20:00,2021-10-28 01:19:36,2021-10-28 01:20:00,175,0,0,11,10
2021-10-28 01:25:00,2021-10-28 01:24:57,2021-10-28 01:25:00,160.1,0,0,12,10
2021-10-28 01:30:00,2021-10-28 01:30:18,2021-10-28 01:30:00,182,0,0,11,9
2021-10-28 01:35:00,2021-10-28 01:35:39,2021-10-28 01:35:00,168.2,0,0,11,8
2021-10-28 01:40:00,2021-10-28 01:41:00,2021-10-28 01:40:00,122.1,0,0,9,7
2021-10-28 01:45:00,2021-10-28 01:46:20,2021-10-28 01:45:00,62.8,0,0,8,5
2021-10-28 01:50:00,2021-10-28 01:51:41,2021-10-28 01:50:00,37,0,0,6,4
2021-10-28 01:55:00,2021-10-28 01:57:02,2021-10-28 01:55:00,19.3,0,0,4,4
2021-10-28 02:00:00,2021-10-28 02:02:24,2021-10-28 02:00:00,7,0,0,6,4
2021-10-28 02:10:00,2021-10-28 02:07:45,2021-10-28 02:10:00,1.8,0,0,8,6
2021-10-28 02:15:00,2021-10-28 02:13:05,2021-10-28 02:15:00,1.2,0,0,8,6
2021-10-28 02:20:00,2021-10-28 02:18:25,2021-10-28 02:20:00,1.1,0,0,6,5
2021-10-28 02:25:00,2021-10-28 02:23:46,2021-10-28 02:25:00,0.6,0,0,6,5
2021-10-28 02:30:00,2021-10-28 02:29:08,2021-10-28 02:30:00,0.6,0,0,8,5
2021-10-28 02:35:00,2021-10-28 02:34:29,2021-10-28 02:35:00,0.6,0,0,6,4
2021-10-28 02:40:00,2021-10-28 02:39:49,2021-10-28 02:40:00,0.5,0,0,11,7
2021-10-28 02:45:00,2021-10-28 02:45:09,2021-10-28 02:45:00,0.5,0,0,11,8
2021-10-28 02:50:00,2021-10-28 02:50:30,2021-10-28 02:50:00,0.6,0,0,11,8
2021-10-28 02:55:00,2021-10-28 02:55:52,2021-10-28 02:55:00,0.5,0,0,11,8
2021-10-28 03:00:00,2021-10-28 03:01:13,2021-10-28 03:00:00,0.5,0,0,8,7
2021-10-28 03:05:00,2021-10-28 03:06:34,2021-10-28 03:05:00,0.5,0,0,8,6
2021-10-28 03:10:00,2021-10-28 03:11:54,2021-10-28 03:10:00,0.5,0,0,8,6
2021-10-28 03:15:00,2021-10-28 03:17:14,2021-10-28 03:15:00,0.5,0,0,8,5
2021-10-28 03:25:00,2021-10-28 03:22:36,2021-10-28 03:25:00,0.5,0,0,6,4
2021-10-28 03:30:00,2021-10-28 03:27:57,2021-10-28 03:30:00,0.5,0,0,8,5
2021-10-28 03:35:00,2021-10-28 03:33:18,2021-10-28 03:35:00,0.5,0,0,8,6
2021-10-28 03:40:00,2021-10-28 03:38:38,2021-10-28 03:40:00,0.5,0,0,8,7
2021-10-28 03:45:00,2021-10-28 03:43:58,2021-10-28 03:45:00,0.5,0,0,8,6
2021-10-28 03:50:00,2021-10-28 03:49:20,2021-10-28 03:50:00,0.5,0,0,6,4
2021-10-28 03:55:00,2021-10-28 03:54:41,2021-10-28 03:55:00,0.5,0,0,8,6
2021-10-28 04:00:00,2021-10-28 04:00:02,2021-10-28 04:00:00,0.5,0,0,9,8
2021-10-28 04:05:00,2021-10-28 04:05:23,2021-10-28 04:05:00,0.5,0,0,11,7
2021-10-28 04:10:00,2021-10-28 04:10:43,2021-10-28 04:10:00,1.3,0,0,11,7
2021-10-28 04:15:00,2021-10-28 04:16:04,2021-10-28 04:15:00,2.2,0,0,11,9
2021-10-28 04:20:00,2021-10-28 04:21:25,2021-10-28 04:20:00,0.6,0,0,11,9
2021-10-28 04:25:00,2021-10-28 04:26:46,2021-10-28 04:25:00,1.2,0,0,11,9
2021-10-28 04:30:00,2021-10-28 04:31:13,2021-10-28 04:30:00,0.6,0,0,9,7
2021-10-28 04:35:00,2021-10-28 04:36:26,2021-10-28 04:35:00,0.6,0,0,9,7
2021-10-28 04:40:00,2021-10-28 04:41:46,2021-10-28 04:40:00,0.5,0,0,8,6
2021-10-28 04:45:00,2021-10-28 04:47:06,2021-10-28 04:45:00,0.5,0,0,8,4
2021-10-28 04:50:00,2021-10-28 04:52:26,2021-10-28 04:50:00,0.5,0,0,6,3
2021-10-28 05:00:00,2021-10-28 04:57:48,2021-10-28 05:00:00,0.5,0,0,8,5
2021-10-28 05:05:00,2021-10-28 05:03:09,2021-10-28 05:05:00,0.5,0,0,8,7
2021-10-28 05:10:00,2021-10-28 05:08:30,2021-10-28 05:10:00,0.5,0,0,9,8
2021-10-28 05:15:00,2021-10-28 05:13:50,2021-10-28 05:15:00,0.5,0,0,9,8
2021-10-28 05:20:00,2021-10-28 05:19:11,2021-10-28 05:20:00,0.5,0,0,9,7
2021-10-28 05:25:00,2021-10-28 05:24:32,2021-10-28 05:25:00,0.5,0,0,6,4
2021-10-28 05:30:00,2021-10-28 05:29:53,2021-10-28 05:30:00,0.5,0,0,8,6
2021-10-28 05:35:00,2021-10-28 05:35:14,2021-10-28 05:35:00,0.5,0,0,8,5
2021-10-28 05:40:00,2021-10-28 05:40:36,2021-10-28 05:40:00,0.5,0,0,4,3
2021-10-28 05:45:00,2021-10-28 05:45:59,2021-10-28 05:45:00,0.5,0,0,6,4
2021-10-28 05:50:00,2021-10-28 05:51:19,2021-10-28 05:50:00,0.5,0,0,6,4
2021-10-28 05:55:00,2021-10-28 05:56:40,2021-10-28 05:55:00,0.5,0,0,6,3
2021-10-28 06:00:00,2021-10-28 06:02:01,2021-10-28 06:00:00,0.5,0,0,8,6
2021-10-28 06:05:00,2021-10-28 06:07:22,2021-10-28 06:05:00,0.5,0,0,8,7
2021-10-28 06:15:00,2021-10-28 06:12:42,2021-10-28 06:15:00,0.5,0,0,8,5
2021-10-28 06:20:00,2021-10-28 06:18:02,2021-10-28 06:20:00,0.5,0,0,8,4
2021-10-28 06:25:00,2021-10-28 06:23:24,2021-10-28 06:25:00,0.5,0,0,8,6
2021-10-28 06:30:00,2021-10-28 06:28:45,2021-10-28 06:30:00,0.5,0,0,8,5
2021-10-28 06:35:00,2021-10-28 06:34:06,2021-10-28 06:35:00,0.5,0,0,9,6
2021-10-28 06:40:00,2021-10-28 06:39:26,2021-10-28 06:40:00,0.5,0,0,11,6
2021-10-28 06:45:00,2021-10-28 06:44:47,2021-10-28 06:45:00,0.6,0,0,9,7
2021-10-28 06:50:00,2021-10-28 06:50:08,2021-10-28 06:50:00,0.5,0,0,12,8
2021-10-28 06:55:00,2021-10-28 06:55:29,2021-10-28 06:55:00,0.6,0,0,14,10
2021-10-28 07:00:00,2021-10-28 07:00:51,2021-10-28 07:00:00,1,0,0,16,11
2021-10-28 07:05:00,2021-10-28 07:06:12,2021-10-28 07:05:00,0.6,0,0,14,10
2021-10-28 07:10:00,2021-10-28 07:11:32,2021-10-28 07:10:00,1.2,0,0,12,10
2021-10-28 07:15:00,2021-10-28 07:16:52,2021-10-28 07:15:00,3.2,0,0,16,12
2021-10-28 07:20:00,2021-10-28 07:22:13,2021-10-28 07:20:00,186.7,91.01,0,16,11
2021-10-28 07:30:00,2021-10-28 07:27:35,2021-10-28 07:30:00,189.3,129.19,0,16,11
2021-10-28 07:35:00,2021-10-28 07:32:56,2021-10-28 07:35:00,172.3,0,0,17,12
2021-10-28 07:40:00,2021-10-28 07:38:16,2021-10-28 07:40:00,187.5,91.4,0,19,16
2021-10-28 07:45:00,2021-10-28 07:43:36,2021-10-28 07:45:00,176.1,0,0.1,19,14
2021-10-28 07:50:00,2021-10-28 07:48:58,2021-10-28 07:50:00,181,0,0.1,20,16
2021-10-28 07:55:00,2021-10-28 07:54:19,2021-10-28 07:55:00,211.7,206.4,0.1,22,17
2021-10-28 08:00:00,2021-10-28 07:59:40,2021-10-28 08:00:00,187.7,128.1,0.1,20,16
2021-10-28 08:05:00,2021-10-28 08:05:01,2021-10-28 08:05:00,224,262.08,0.1,19,15
2021-10-28 08:10:00,2021-10-28 08:10:21,2021-10-28 08:10:00,189,128.99,0.1,20,16
2021-10-28 08:15:00,2021-10-28 08:15:42,2021-10-28 08:15:00,186.5,90.91,0.1,17,13
2021-10-28 08:20:00,2021-10-28 08:21:03,2021-10-28 08:20:00,186.1,90.72,0.1,20,14
2021-10-28 08:25:00,2021-10-28 08:26:24,2021-10-28 08:25:00,200.3,195.29,0.1,17,12
2021-10-28 08:30:00,2021-10-28 08:31:45,2021-10-28 08:30:00,183.8,35.84,0.1,20,16
2021-10-28 08:35:00,2021-10-28 08:37:05,2021-10-28 08:35:00,213.1,207.77,0.2,19,14
2021-10-28 08:40:00,2021-10-28 08:42:26,2021-10-28 08:40:00,183.6,35.8,0.2,17,12
2021-10-28 08:50:00,2021-10-28 08:47:47,2021-10-28 08:50:00,138.6,0,0.2,20,12
2021-10-28 08:55:00,2021-10-28 08:53:08,2021-10-28 08:55:00,185.6,0,0.2,17,12
2021-10-28 09:00:00,2021-10-28 08:58:30,2021-10-28 09:00:00,207.2,202.01,0.2,14,9
2021-10-28 09:05:00,2021-10-28 09:03:51,2021-10-28 09:05:00,188.1,91.69,0.2,17,11
2021-10-28 09:10:00,2021-10-28 09:09:11,2021-10-28 09:10:00,180.2,0,0.2,17,13
2021-10-28 09:15:00,2021-10-28 09:14:31,2021-10-28 09:15:00,183.2,35.72,0.2,19,13
2021-10-28 09:20:00,2021-10-28 09:19:52,2021-10-28 09:20:00,187.2,91.25,0.2,19,15
2021-10-28 09:25:00,2021-10-28 09:25:14,2021-10-28 09:25:00,179.5,0,0.2,19,15
2021-10-28 09:30:00,2021-10-28 09:30:35,2021-10-28 09:30:00,181.3,0,0.2,20,14
2021-10-28 09:35:00,2021-10-28 09:35:55,2021-10-28 09:35:00,179.6,0,0.2,22,18
2021-10-28 09:40:00,2021-10-28 09:41:15,2021-10-28 09:40:00,237.6,347.48,0.2,24,18
2021-10-28 09:45:00,2021-10-28 09:46:36,2021-10-28 09:45:00,184.1,35.89,0.3,22,17
2021-10-28 09:50:00,2021-10-28 09:51:58,2021-10-28 09:50:00,176.5,0,0.3,22,17
2021-10-28 09:55:00,2021-10-28 09:57:19,2021-10-28 09:55:00,198.7,193.73,0.3,19,15
2021-10-28 10:05:00,2021-10-28 10:02:40,2021-10-28 10:05:00,215,209.62,0.3,22,17
2021-10-28 10:10:00,2021-10-28 10:08:00,2021-10-28 10:10:00,185.3,108.4,0.3,20,15
2021-10-28 10:15:00,2021-10-28 10:13:21,2021-10-28 10:15:00,219.1,234.98,0.4,19,14
2021-10-28 10:45:00,2021-10-28 10:44:17,2021-10-28 10:45:00,212.5,207.18,0.4,20,13
2021-10-28 11:45:00,2021-10-28 11:45:09,2021-10-28 11:45:00,272.6,531.57,0.6,20,17
2021-10-28 11:50:00,2021-10-28 11:51:08,2021-10-28 11:50:00,234,342.22,0.7,19,19
2021-10-28 11:55:00,2021-10-28 11:56:50,2021-10-28 11:55:00,232.7,340.32,0.7,25,20
2021-10-28 12:00:00,2021-10-28 12:02:24,2021-10-28 12:00:00,224.8,263.01,0.7,17,15
2021-10-28 12:10:00,2021-10-28 12:07:46,2021-10-28 12:10:00,245.8,359.48,0.7,22,20
2021-10-28 12:15:00,2021-10-28 12:13:08,2021-10-28 12:15:00,310.5,908.21,0.8,16,15
2021-10-28 12:20:00,2021-10-28 12:18:29,2021-10-28 12:20:00,215,209.62,0.8,28,22
2021-10-28 12:25:00,2021-10-28 12:23:51,2021-10-28 12:25:00,207.3,202.11,0.8,22,17
2021-10-28 12:35:00,2021-10-28 12:34:34,2021-10-28 12:35:00,190.5,130.01,0.9,22,17
2021-10-28 12:40:00,2021-10-28 12:39:56,2021-10-28 12:40:00,215,209.62,0.9,20,16
2021-10-28 12:45:00,2021-10-28 12:45:17,2021-10-28 12:45:00,190.5,130.01,0.9,20,17
2021-10-28 12:55:00,2021-10-28 12:56:01,2021-10-28 12:55:00,198,193.04,1,12,12
2021-10-28 13:25:00,2021-10-28 13:22:49,2021-10-28 13:25:00,251.3,416.52,1,19,19
2021-10-28 13:30:00,2021-10-28 13:28:11,2021-10-28 13:30:00,216.1,210.69,1,24,19
2021-10-28 13:35:00,2021-10-28 13:33:32,2021-10-28 13:35:00,275.5,590.94,1.1,27,19
2021-10-28 13:40:00,2021-10-28 13:38:54,2021-10-28 13:40:00,186.8,91.06,1.1,22,20
2021-10-28 13:45:00,2021-10-28 13:44:16,2021-10-28 13:45:00,207.6,202.41,1.1,22,19
2021-10-28 13:50:00,2021-10-28 13:49:36,2021-10-28 13:50:00,273.7,587.08,1.2,27,17
2021-10-28 13:55:00,2021-10-28 13:54:58,2021-10-28 13:55:00,285.6,723.99,1.2,27,22
2021-10-28 14:00:00,2021-10-28 14:00:20,2021-10-28 14:00:00,240.8,352.17,1.2,27,21
2021-10-28 14:05:00,2021-10-28 14:05:42,2021-10-28 14:05:00,185.7,90.52,1.2,20,18
2021-10-28 14:10:00,2021-10-28 14:11:03,2021-10-28 14:10:00,190.7,92.96,1.3,22,18
2021-10-28 14:15:00,2021-10-28 14:16:25,2021-10-28 14:15:00,188.5,128.65,1.3,19,14
2021-10-28 14:20:00,2021-10-28 14:21:46,2021-10-28 14:20:00,211.3,206.01,1.3,22,14
2021-10-28 14:25:00,2021-10-28 14:27:08,2021-10-28 14:25:00,245.7,359.33,1.3,19,15
2021-10-28 15:00:00,2021-10-28 14:59:18,2021-10-28 15:00:00,182.1,0,1.4,14,14
2021-10-28 15:05:00,2021-10-28 15:04:40,2021-10-28 15:05:00,181.3,0,1.4,17,14
2021-10-28 15:10:00,2021-10-28 15:10:02,2021-10-28 15:10:00,190.3,129.87,1.4,16,16
2021-10-28 15:20:00,2021-10-28 15:20:47,2021-10-28 15:20:00,186.7,91.01,1.4,12,12
2021-10-28 15:35:00,2021-10-28 15:36:52,2021-10-28 15:35:00,175.7,0,1.4,12,12
2021-10-28 15:40:00,2021-10-28 15:42:13,2021-10-28 15:40:00,182.8,0,1.4,8,8
2021-10-28 15:50:00,2021-10-28 15:47:35,2021-10-28 15:50:00,189.3,129.19,1.4,11,11
2021-10-28 17:40:00,2021-10-28 17:41:29,2021-10-28 17:40:00,188.5,128.65,1.4,14,14
2021-10-28 19:00:00,2021-10-28 19:01:48,2021-10-28 19:00:00,168.5,0,1.5,12,12
2021-10-28 19:15:00,2021-10-28 19:12:31,2021-10-28 19:15:00,174.3,0,1.5,8,8
2021-10-28 19:20:00,2021-10-28 19:17:52,2021-10-28 19:20:00,147.5,0,1.5,14,11
2021-10-28 19:25:00,2021-10-28 19:23:13,2021-10-28 19:25:00,187.3,91.3,1.5,22,13
2021-10-28 19:30:00,2021-10-28 19:28:35,2021-10-28 19:30:00,184.7,36.01,1.5,17,12
2021-10-28 19:35:00,2021-10-28 19:33:56,2021-10-28 19:35:00,172.7,0,1.5,22,14
2021-10-28 19:40:00,2021-10-28 19:39:18,2021-10-28 19:40:00,172.5,0,1.5,24,14
2021-10-28 19:45:00,2021-10-28 19:44:39,2021-10-28 19:45:00,187.8,91.55,1.5,16,12
2021-10-28 19:50:00,2021-10-28 19:50:00,2021-10-28 19:50:00,180.5,0,1.5,20,16
2021-10-28 19:55:00,2021-10-28 19:55:23,2021-10-28 19:55:00,186.8,109.27,1.5,20,13
2021-10-28 20:00:00,2021-10-28 20:00:44,2021-10-28 20:00:00,206.7,201.53,1.5,22,15
2021-10-28 20:05:00,2021-10-28 20:06:06,2021-10-28 20:05:00,188.5,128.65,1.6,19,15
2021-10-28 20:10:00,2021-10-28 20:11:27,2021-10-28 20:10:00,185,90.18,1.6,17,15
2021-10-28 20:15:00,2021-10-28 20:16:48,2021-10-28 20:15:00,205.3,200.16,1.6,17,13
2021-10-28 22:00:00,2021-10-28 21:58:31,2021-10-28 22:00:00,191.5,130.69,1.8,12,12
2021-10-28 22:05:00,2021-10-28 22:03:53,2021-10-28 22:05:00,183.7,35.82,1.8,19,14
2021-10-28 22:10:00,2021-10-28 22:09:14,2021-10-28 22:10:00,231.2,338.12,1.8,17,17
2021-10-28 22:15:00,2021-10-28 22:14:35,2021-10-28 22:15:00,186.6,90.96,1.8,17,14
2021-10-28 22:20:00,2021-10-28 22:19:57,2021-10-28 22:20:00,190.7,92.96,1.8,22,16
2021-10-28 22:25:00,2021-10-28 22:25:18,2021-10-28 22:25:00,221.1,258.68,1.8,24,21
2021-10-28 22:30:00,2021-10-28 22:30:39,2021-10-28 22:30:00,174.8,0,1.9,24,20
2021-10-28 22:35:00,2021-10-28 22:36:01,2021-10-28 22:35:00,188.5,91.89,1.9,20,15
2021-10-28 22:40:00,2021-10-28 22:41:22,2021-10-28 22:40:00,184.3,35.93,1.9,19,14
2021-10-28 22:45:00,2021-10-28 22:46:42,2021-10-28 22:45:00,193.2,188.36,1.9,19,15
2021-10-28 22:50:00,2021-10-28 22:52:04,2021-10-28 22:50:00,187.1,91.21,1.9,25,17
2021-10-28 22:55:00,2021-10-28 22:57:25,2021-10-28 22:55:00,237,346.61,1.9,20,17
2021-10-28 23:05:00,2021-10-28 23:02:47,2021-10-28 23:05:00,204.7,199.58,2,24,18
2021-10-28 23:10:00,2021-10-28 23:08:08,2021-10-28 23:10:00,196.7,191.78,2,28,18
2021-10-28 23:15:00,2021-10-28 23:13:28,2021-10-28 23:15:00,189.3,92.28,2,20,15
2021-10-28 23:20:00,2021-10-28 23:18:49,2021-10-28 23:20:00,180.5,0,2,24,17
2021-10-28 23:25:00,2021-10-28 23:24:09,2021-10-28 23:25:00,190.7,130.15,2,20,17
2021-10-28 23:30:00,2021-10-28 23:29:30,2021-10-28 23:30:00,223.1,261.02,2,30,20
2021-10-28 23:35:00,2021-10-28 23:34:52,2021-10-28 23:35:00,227.5,266.17,2.1,25,19
2021-10-28 23:40:00,2021-10-28 23:40:13,2021-10-28 23:40:00,245.1,382.35,2.1,32,22
2021-10-28 23:45:00,2021-10-28 23:45:35,2021-10-28 23:45:00,238.5,348.8,2.1,27,19
2021-10-28 23:50:00,2021-10-28 23:50:56,2021-10-28 23:50:00,187.8,128.17,2.1,24,19
2021-10-28 23:55:00,2021-10-28 23:56:17,2021-10-28 23:55:00,237.1,346.75,2.1,22,17
2021-10-29 00:00:00,2021-10-29 00:01:39,2021-10-29 00:00:00,284,692.25,0.1,28,18
2021-10-29 00:05:00,2021-10-29 00:07:00,2021-10-29 00:05:00,200.1,195.09,0.1,28,18
2021-10-29 00:10:00,2021-10-29 00:12:21,2021-10-29 00:10:00,212.2,206.89,0.1,22,15
2021-10-29 00:20:00,2021-10-29 00:17:43,2021-10-29 00:20:00,188.5,91.89,0.1,24,19
2021-10-29 00:25:00,2021-10-29 00:23:04,2021-10-29 00:25:00,190.5,130.01,0.1,22,18
2021-10-29 00:30:00,2021-10-29 00:28:26,2021-10-29 00:30:00,192.8,131.58,0.2,19,15
2021-10-29 00:35:00,2021-10-29 00:35:47,2021-10-29 00:35:00,189.3,129.19,0.2,22,15
2021-10-29 00:40:00,2021-10-29 00:41:08,2021-10-29 00:40:00,222,259.73,0.2,25,18
2021-10-29 00:45:00,2021-10-29 00:46:29,2021-10-29 00:45:00,182.7,0,0.2,20,15
2021-10-29 00:50:00,2021-10-29 00:51:50,2021-10-29 00:50:00,163.3,0,0.2,27,17
2021-10-29 00:55:00,2021-10-29 00:57:12,2021-10-29 00:55:00,186.6,90.96,0.2,24,16
2021-10-29 01:05:00,2021-10-29 01:02:35,2021-10-29 01:05:00,182.8,0,0.3,22,17
2021-10-29 01:10:00,2021-10-29 01:07:57,2021-10-29 01:10:00,213.1,207.77,0.3,20,17
2021-10-29 01:15:00,2021-10-29 01:13:18,2021-10-29 01:15:00,238.6,348.95,0.3,20,15
2021-10-29 01:20:00,2021-10-29 01:18:39,2021-10-29 01:20:00,184.1,35.89,0.3,24,17
2021-10-29 01:25:00,2021-10-29 01:24:01,2021-10-29 01:25:00,185.6,36.19,0.3,28,19
2021-10-29 01:30:00,2021-10-29 01:29:23,2021-10-29 01:30:00,183,0,0.3,25,19
2021-10-29 01:35:00,2021-10-29 01:34:46,2021-10-29 01:35:00,187,109.39,0.4,24,16
2021-10-29 01:40:00,2021-10-29 01:40:08,2021-10-29 01:40:00,260.8,457.7,0.4,22,17
2021-10-29 01:45:00,2021-10-29 01:45:29,2021-10-29 01:45:00,187.2,91.25,0.4,20,17
2021-10-29 01:50:00,2021-10-29 01:50:50,2021-10-29 01:50:00,188.2,91.74,0.4,20,17
2021-10-29 01:55:00,2021-10-29 01:56:12,2021-10-29 01:55:00,187,91.16,0.4,24,18
2021-10-29 02:00:00,2021-10-29 02:01:34,2021-10-29 02:00:00,184.1,35.89,0.5,22,17
2021-10-29 02:05:00,2021-10-29 02:06:56,2021-10-29 02:05:00,189.8,129.53,0.5,22,18
2021-10-29 02:10:00,2021-10-29 02:12:18,2021-10-29 02:10:00,250.5,366.35,0.5,25,19
2021-10-29 02:20:00,2021-10-29 02:17:39,2021-10-29 02:20:00,187.3,109.57,0.5,30,21
2021-10-29 02:25:00,2021-10-29 02:23:01,2021-10-29 02:25:00,195.1,190.22,0.6,27,18
2021-10-29 02:30:00,2021-10-29 02:28:23,2021-10-29 02:30:00,240,351,0.6,24,19
2021-10-29 02:35:00,2021-10-29 02:33:45,2021-10-29 02:35:00,172.5,0,0.6,28,20
2021-10-29 02:40:00,2021-10-29 02:39:09,2021-10-29 02:40:00,272.7,531.76,0.6,27,19
2021-10-29 02:45:00,2021-10-29 02:44:30,2021-10-29 02:45:00,236.6,346.02,0.7,27,20
2021-10-29 02:50:00,2021-10-29 02:49:53,2021-10-29 02:50:00,186.6,90.96,0.7,25,22
2021-10-29 02:55:00,2021-10-29 02:55:15,2021-10-29 02:55:00,255.7,423.82,0.7,25,20
2021-10-29 03:05:00,2021-10-29 03:05:59,2021-10-29 03:05:00,328,1119.3,0.8,27,20
2021-10-29 03:15:00,2021-10-29 03:16:40,2021-10-29 03:15:00,293.7,773.16,0.8,16,16
2021-10-29 03:20:00,2021-10-29 03:22:02,2021-10-29 03:20:00,293.3,714.91,0.9,27,22
2021-10-29 03:25:00,2021-10-29 03:27:25,2021-10-29 03:25:00,206.8,201.63,0.9,28,22
2021-10-29 03:35:00,2021-10-29 03:32:47,2021-10-29 03:35:00,220.3,257.75,0.9,28,22
2021-10-29 03:40:00,2021-10-29 03:38:13,2021-10-29 03:40:00,187,127.62,1,22,18
2021-10-29 03:45:00,2021-10-29 03:43:34,2021-10-29 03:45:00,190.7,130.15,1,27,20
2021-10-29 03:50:00,2021-10-29 03:48:56,2021-10-29 03:50:00,187.8,91.55,1,27,19
2021-10-29 03:55:00,2021-10-29 03:54:18,2021-10-29 03:55:00,317.5,990.6,1,28,20
2021-10-29 04:00:00,2021-10-29 03:59:40,2021-10-29 04:00:00,213.5,208.16,1.1,24,17
2021-10-29 04:05:00,2021-10-29 04:05:01,2021-10-29 04:05:00,292,711.75,1.1,27,20
2021-10-29 04:10:00,2021-10-29 04:10:22,2021-10-29 04:10:00,281.1,630.36,1.1,27,20
2021-10-29 04:15:00,2021-10-29 04:15:44,2021-10-29 04:15:00,187.5,91.4,1.1,22,17
2021-10-29 04:20:00,2021-10-29 04:21:06,2021-10-29 04:20:00,209.6,204.35,1.1,28,21
2021-10-29 04:25:00,2021-10-29 04:26:28,2021-10-29 04:25:00,307.7,900.02,1.2,27,19
2021-10-29 04:30:00,2021-10-29 04:31:49,2021-10-29 04:30:00,264.5,515.77,1.2,24,20
2021-10-29 04:35:00,2021-10-29 04:37:10,2021-10-29 04:35:00,266.6,519.87,1.2,28,21
2021-10-29 04:45:00,2021-10-29 04:42:33,2021-10-29 04:45:00,260.2,431.28,1.3,32,20
2021-10-29 04:50:00,2021-10-29 04:47:55,2021-10-29 04:50:00,204,198.9,1.3,22,18
2021-10-29 04:55:00,2021-10-29 04:53:19,2021-10-29 04:55:00,271.5,529.42,1.3,32,22
2021-10-29 05:00:00,2021-10-29 04:58:39,2021-10-29 05:00:00,228.2,266.99,1.3,25,19
2021-10-29 05:05:00,2021-10-29 05:04:00,2021-10-29 05:05:00,254.3,421.5,1.4,22,19
2021-10-29 05:10:00,2021-10-29 05:09:21,2021-10-29 05:10:00,214,208.65,1.4,22,18
2021-10-29 05:15:00,2021-10-29 05:14:43,2021-10-29 05:15:00,226.8,265.35,1.4,24,19
2021-10-29 05:20:00,2021-10-29 05:20:06,2021-10-29 05:20:00,243.7,356.41,1.4,16,16
2021-10-29 05:25:00,2021-10-29 05:25:28,2021-10-29 05:25:00,282.3,605.53,1.5,25,25
2021-10-29 05:50:00,2021-10-29 05:52:17,2021-10-29 05:50:00,270.2,526.89,1.6,24,24
2021-10-29 06:00:00,2021-10-29 05:57:38,2021-10-29 06:00:00,214.7,209.33,1.6,30,20
2021-10-29 06:05:00,2021-10-29 06:03:00,2021-10-29 06:05:00,322.5,1100.53,1.6,27,19
2021-10-29 06:10:00,2021-10-29 06:08:21,2021-10-29 06:10:00,212,206.7,1.6,24,17
2021-10-29 06:15:00,2021-10-29 06:13:43,2021-10-29 06:15:00,197.8,192.85,1.6,20,18
2021-10-29 06:20:00,2021-10-29 06:19:05,2021-10-29 06:20:00,217.7,212.25,1.7,25,19
2021-10-29 06:25:00,2021-10-29 06:24:27,2021-10-29 06:25:00,228.2,266.99,1.7,27,19
2021-10-29 06:30:00,2021-10-29 06:29:48,2021-10-29 06:30:00,285.5,695.9,1.7,28,22
2021-10-29 06:35:00,2021-10-29 06:35:09,2021-10-29 06:35:00,233.8,341.93,1.7,27,21
2021-10-29 06:40:00,2021-10-29 06:40:32,2021-10-29 06:40:00,244.3,357.28,1.8,28,20
2021-10-29 06:45:00,2021-10-29 06:45:54,2021-10-29 06:45:00,261.5,509.92,1.8,27,22
2021-10-29 06:50:00,2021-10-29 06:51:16,2021-10-29 06:50:00,223.2,261.14,1.8,25,20
2021-10-29 06:55:00,2021-10-29 06:56:38,2021-10-29 06:55:00,218.1,212.64,1.9,28,21
2021-10-29 07:00:00,2021-10-29 07:01:59,2021-10-29 07:00:00,218.2,234.01,1.9,28,22
2021-10-29 07:05:00,2021-10-29 07:07:20,2021-10-29 07:05:00,272.7,531.76,1.9,33,24
2021-10-29 07:15:00,2021-10-29 07:12:43,2021-10-29 07:15:00,221.2,258.8,2,32,22
2021-10-29 07:20:00,2021-10-29 07:18:05,2021-10-29 07:20:00,254.1,421.17,2,27,23
2021-10-29 07:25:00,2021-10-29 07:23:27,2021-10-29 07:25:00,250,365.62,2.1,27,22
2021-10-29 07:30:00,2021-10-29 07:28:48,2021-10-29 07:30:00,216,210.6,2.1,28,23
2021-10-29 07:35:00,2021-10-29 07:34:09,2021-10-29 07:35:00,208.2,202.99,2.1,30,25
2021-10-29 07:40:00,2021-10-29 07:39:31,2021-10-29 07:40:00,276,592.02,2.2,28,21
2021-10-29 07:45:00,2021-10-29 07:44:53,2021-10-29 07:45:00,267.5,521.62,2.2,24,20
2021-10-29 07:50:00,2021-10-29 07:50:16,2021-10-29 07:50:00,246.3,360.21,2.2,28,21
2021-10-29 07:55:00,2021-10-29 07:55:39,2021-10-29 07:55:00,272.6,531.57,2.3,27,21
2021-10-29 08:00:00,2021-10-29 08:01:00,2021-10-29 08:00:00,258.3,428.13,2.3,28,20
2021-10-29 08:05:00,2021-10-29 08:06:22,2021-10-29 08:05:00,284,692.25,2.3,27,22
2021-10-29 08:10:00,2021-10-29 08:11:44,2021-10-29 08:10:00,232.3,339.73,2.4,22,19
2021-10-29 08:15:00,2021-10-29 08:17:07,2021-10-29 08:15:00,227.2,265.82,2.4,27,22
2021-10-29 08:20:00,2021-10-29 08:22:29,2021-10-29 08:20:00,206,200.85,2.4,24,19
2021-10-29 08:30:00,2021-10-29 08:27:50,2021-10-29 08:30:00,258.3,428.13,2.4,25,19
2021-10-29 08:35:00,2021-10-29 08:33:11,2021-10-29 08:35:00,259.6,430.28,2.5,19,17
2021-10-29 08:40:00,2021-10-29 08:38:33,2021-10-29 08:40:00,188.6,91.94,2.5,25,21
2021-10-29 08:45:00,2021-10-29 08:43:55,2021-10-29 08:45:00,188.2,128.44,2.5,19,19
2021-10-29 08:50:00,2021-10-29 08:49:17,2021-10-29 08:50:00,185.3,90.33,2.5,16,16
2021-10-29 09:05:00,2021-10-29 09:04:00,2021-10-29 09:05:00,213.7,208.35,2.6,25,25
2021-10-29 09:10:00,2021-10-29 09:09:22,2021-10-29 09:10:00,238.5,348.8,2.7,25,25
2021-10-29 09:15:00,2021-10-29 09:14:44,2021-10-29 09:15:00,226.5,265,2.7,32,28
2021-10-29 09:20:00,2021-10-29 09:20:06,2021-10-29 09:20:00,332,1132.95,2.8,32,25
2021-10-29 09:25:00,2021-10-29 09:25:27,2021-10-29 09:25:00,304.6,890.95,2.8,30,23
2021-10-29 09:30:00,2021-10-29 09:30:48,2021-10-29 09:30:00,296.8,781.32,2.8,28,24
2021-10-29 09:35:00,2021-10-29 09:36:09,2021-10-29 09:35:00,271.5,529.42,2.9,33,27
2021-10-29 09:40:00,2021-10-29 09:41:30,2021-10-29 09:40:00,221.6,259.27,2.9,20,20
2021-10-29 09:45:00,2021-10-29 09:46:52,2021-10-29 09:45:00,217.3,211.86,3,28,23
2021-10-29 09:50:00,2021-10-29 09:52:14,2021-10-29 09:50:00,286.6,642.7,3,30,25
2021-10-29 10:00:00,2021-10-29 09:57:35,2021-10-29 10:00:00,227.3,265.94,3,28,21
2021-10-29 10:05:00,2021-10-29 10:02:56,2021-10-29 10:05:00,215.2,209.82,3.1,32,22
2021-10-29 10:10:00,2021-10-29 10:08:18,2021-10-29 10:10:00,339.6,1324.44,3.1,27,20
2021-10-29 10:15:00,2021-10-29 10:13:40,2021-10-29 10:15:00,205.5,200.36,3.2,27,20
2021-10-29 10:20:00,2021-10-29 10:19:02,2021-10-29 10:20:00,264.1,514.99,3.2,30,23
2021-10-29 10:25:00,2021-10-29 10:24:23,2021-10-29 10:25:00,210.3,205.04,3.2,30,23
2021-10-29 10:30:00,2021-10-29 10:29:44,2021-10-29 10:30:00,247.2,385.63,3.3,30,26
2021-10-29 10:35:00,2021-10-29 10:35:05,2021-10-29 10:35:00,252.8,419.01,3.3,22,22
2021-10-29 10:40:00,2021-10-29 10:40:27,2021-10-29 10:40:00,197.1,192.17,3.4,22,20
2021-10-29 10:45:00,2021-10-29 10:45:51,2021-10-29 10:45:00,280.6,601.88,3.4,20,18
2021-10-29 10:50:00,2021-10-29 10:51:13,2021-10-29 10:50:00,279.2,598.88,3.4,27,22
2021-10-29 10:55:00,2021-10-29 10:56:34,2021-10-29 10:55:00,284.1,637.09,3.5,30,24
