,Time,Timestamp,DC Voltage PV1(V),AC Output Total Power (Active)(W),Daily Generation (Active)(kWh),Wind Speed ( MPH ),Wind Average ( MPH ),Curve_Iteration
11/1/2021 0:00,11/1/2021 0:00,11/1/2021 0:00,183.7,35.82,0.1,16,14,2
11/1/2021 0:05,11/1/2021 0:06,11/1/2021 0:05,186.5,90.91,0.1,17,14,2
11/1/2021 0:10,11/1/2021 0:11,11/1/2021 0:10,140.5,0,0.1,22,16,2
11/1/2021 0:15,11/1/2021 0:16,11/1/2021 0:15,186.1,90.72,0.1,19,14,2
11/1/2021 0:20,11/1/2021 0:22,11/1/2021 0:20,150.5,0,0.1,17,13,2
11/1/2021 0:30,11/1/2021 0:27,11/1/2021 0:30,183.7,35.82,0.1,16,13,2
11/1/2021 0:35,11/1/2021 0:33,11/1/2021 0:35,164.5,0,0.1,16,14,2
11/1/2021 0:40,11/1/2021 0:38,11/1/2021 0:40,182.3,0,0.1,16,14,2
11/1/2021 0:45,11/1/2021 0:43,11/1/2021 0:45,183.7,35.82,0.1,17,15,2
11/1/2021 0:50,11/1/2021 0:49,11/1/2021 0:50,186,36.27,0.1,17,14,2
11/1/2021 0:55,11/1/2021 0:54,11/1/2021 0:55,188,91.64,0.1,16,13,2
11/1/2021 1:00,11/1/2021 0:59,11/1/2021 1:00,155,0,0.1,20,15,2
11/1/2021 1:05,11/1/2021 1:05,11/1/2021 1:05,184.6,89.99,0.1,19,14,2
11/1/2021 1:10,11/1/2021 1:10,11/1/2021 1:10,190.3,129.87,0.1,19,15,2
11/1/2021 1:15,11/1/2021 1:15,11/1/2021 1:15,180.5,0,0.1,17,12,2
11/1/2021 1:20,11/1/2021 1:21,11/1/2021 1:20,151,0,0.1,16,12,2
11/1/2021 1:25,11/1/2021 1:26,11/1/2021 1:25,175,0,0.1,16,12,2
11/1/2021 1:30,11/1/2021 1:31,11/1/2021 1:30,182.1,0,0.1,16,12,2
11/1/2021 1:35,11/1/2021 1:37,11/1/2021 1:35,169.1,0,0.1,14,11,2
11/1/2021 1:45,11/1/2021 1:42,11/1/2021 1:45,133.6,0,0.1,16,11,2
11/1/2021 1:50,11/1/2021 1:48,11/1/2021 1:50,184.5,89.94,0.1,12,10,2
11/1/2021 1:55,11/1/2021 1:53,11/1/2021 1:55,142.2,0,0.1,12,11,2
11/1/2021 2:00,11/1/2021 1:58,11/1/2021 2:00,161.6,0,0.1,14,11,2
11/1/2021 2:05,11/1/2021 2:04,11/1/2021 2:05,149,0,0.1,12,11,2
11/1/2021 2:10,11/1/2021 2:09,11/1/2021 2:10,141.3,0,0.1,14,11,2
11/1/2021 2:15,11/1/2021 2:14,11/1/2021 2:15,127,0,0.1,14,12,2
11/1/2021 2:20,11/1/2021 2:20,11/1/2021 2:20,146.6,0,0.1,14,11,2
11/1/2021 2:25,11/1/2021 2:25,11/1/2021 2:25,175.1,0,0.1,14,13,2
11/1/2021 2:30,11/1/2021 2:30,11/1/2021 2:30,184,0,0.1,16,13,2
11/1/2021 2:35,11/1/2021 2:36,11/1/2021 2:35,123.6,0,0.1,16,12,2
11/1/2021 2:40,11/1/2021 2:41,11/1/2021 2:40,161.1,0,0.1,17,13,2
11/1/2021 2:45,11/1/2021 2:47,11/1/2021 2:45,123.7,0,0.1,16,13,2
11/1/2021 2:50,11/1/2021 2:52,11/1/2021 2:50,188.7,91.99,0.1,19,14,2
11/1/2021 3:00,11/1/2021 2:57,11/1/2021 3:00,150.1,0,0.1,17,13,2
11/1/2021 3:05,11/1/2021 3:03,11/1/2021 3:05,182.1,0,0.1,16,13,2
11/1/2021 3:10,11/1/2021 3:08,11/1/2021 3:10,172.6,0,0.1,16,12,2
11/1/2021 3:15,11/1/2021 3:13,11/1/2021 3:15,184.1,17.94,0.1,16,12,2
11/1/2021 3:20,11/1/2021 3:19,11/1/2021 3:20,177.2,0,0.1,16,12,2
11/1/2021 3:25,11/1/2021 3:24,11/1/2021 3:25,183.3,0,0.1,16,12,2
11/1/2021 3:30,11/1/2021 3:29,11/1/2021 3:30,181.1,0,0.1,14,12,2
11/1/2021 3:35,11/1/2021 3:35,11/1/2021 3:35,184.1,35.89,0.1,14,12,2
11/1/2021 3:40,11/1/2021 3:40,11/1/2021 3:40,187.2,109.51,0.1,16,13,2
11/1/2021 3:45,11/1/2021 3:45,11/1/2021 3:45,183.2,35.72,0.1,16,14,2
11/1/2021 3:50,11/1/2021 3:51,11/1/2021 3:50,183.8,0,0.1,17,14,2
11/1/2021 3:55,11/1/2021 3:56,11/1/2021 3:55,167.5,0,0.1,19,16,2
11/1/2021 4:00,11/1/2021 4:02,11/1/2021 4:00,184.2,35.91,0.1,17,14,2
11/1/2021 4:05,11/1/2021 4:07,11/1/2021 4:05,139.3,0,0.1,22,16,2
11/1/2021 4:15,11/1/2021 4:12,11/1/2021 4:15,182.5,0,0.2,19,16,2
11/1/2021 4:20,11/1/2021 4:18,11/1/2021 4:20,188.3,128.51,0.2,19,16,2
11/1/2021 4:25,11/1/2021 4:23,11/1/2021 4:25,172.7,0,0.2,19,16,2
11/1/2021 4:30,11/1/2021 4:28,11/1/2021 4:30,180.5,0,0.2,17,13,2
11/1/2021 4:35,11/1/2021 4:34,11/1/2021 4:35,181.2,0,0.2,19,14,2
11/1/2021 4:40,11/1/2021 4:39,11/1/2021 4:40,167.1,0,0.2,19,15,2
11/1/2021 4:45,11/1/2021 4:44,11/1/2021 4:45,187.2,91.25,0.2,17,15,2
11/1/2021 4:50,11/1/2021 4:50,11/1/2021 4:50,219.5,256.81,0.2,17,14,2
11/1/2021 4:55,11/1/2021 4:55,11/1/2021 4:55,142.6,0,0.2,19,14,2
11/1/2021 5:00,11/1/2021 5:00,11/1/2021 5:00,182.7,0,0.2,17,14,2
11/1/2021 5:05,11/1/2021 5:06,11/1/2021 5:05,183.2,0,0.2,19,15,2
11/1/2021 5:10,11/1/2021 5:11,11/1/2021 5:10,133.2,0,0.2,17,14,2
11/1/2021 5:15,11/1/2021 5:17,11/1/2021 5:15,189.8,129.53,0.2,14,13,2
11/1/2021 5:20,11/1/2021 5:22,11/1/2021 5:20,186.2,90.77,0.2,19,15,2
11/1/2021 5:30,11/1/2021 5:27,11/1/2021 5:30,183.1,35.7,0.2,17,12,2
11/1/2021 5:35,11/1/2021 5:33,11/1/2021 5:35,226.6,331.4,0.2,16,14,2
11/1/2021 5:40,11/1/2021 5:38,11/1/2021 5:40,181.5,0,0.2,16,14,2
11/1/2021 5:45,11/1/2021 5:43,11/1/2021 5:45,123.6,0,0.2,19,14,2
11/1/2021 5:50,11/1/2021 5:49,11/1/2021 5:50,183,35.68,0.2,12,10,2
11/1/2021 5:55,11/1/2021 5:54,11/1/2021 5:55,171.6,0,0.2,14,11,2
11/1/2021 6:00,11/1/2021 5:59,11/1/2021 6:00,174.7,0,0.2,12,10,2
11/1/2021 6:05,11/1/2021 6:05,11/1/2021 6:05,169,0,0.2,14,11,2
11/1/2021 6:10,11/1/2021 6:10,11/1/2021 6:10,180.3,0,0.2,12,10,2
11/1/2021 6:15,11/1/2021 6:16,11/1/2021 6:15,179.7,0,0.2,14,10,2
11/1/2021 6:20,11/1/2021 6:21,11/1/2021 6:20,165.3,0,0.2,12,11,2
11/1/2021 6:25,11/1/2021 6:26,11/1/2021 6:25,182.2,0,0.2,12,11,2
11/1/2021 6:30,11/1/2021 6:32,11/1/2021 6:30,184.6,0,0.2,14,13,2
11/1/2021 6:35,11/1/2021 6:37,11/1/2021 6:35,185.5,90.43,0.2,16,13,2
11/1/2021 6:45,11/1/2021 6:42,11/1/2021 6:45,182.5,0,0.2,19,15,2
11/1/2021 6:50,11/1/2021 6:48,11/1/2021 6:50,188.1,91.69,0.2,19,18,2
11/1/2021 6:55,11/1/2021 6:54,11/1/2021 6:55,189.8,129.53,0.2,20,19,2
11/1/2021 7:00,11/1/2021 6:59,11/1/2021 7:00,213.3,249.56,0.2,17,16,2
11/1/2021 7:05,11/1/2021 7:04,11/1/2021 7:05,187,36.46,0.3,17,17,2
11/1/2021 7:10,11/1/2021 7:10,11/1/2021 7:10,211.8,247.8,0.3,20,17,2
11/1/2021 7:15,11/1/2021 7:15,11/1/2021 7:15,188,128.31,0.3,17,16,2
11/1/2021 7:20,11/1/2021 7:21,11/1/2021 7:20,185.5,36.17,0.3,16,14,2
11/1/2021 7:25,11/1/2021 7:26,11/1/2021 7:25,187.6,128.03,0.3,16,14,2
11/1/2021 7:30,11/1/2021 7:31,11/1/2021 7:30,183.7,35.82,0.3,16,15,2
11/1/2021 8:20,11/1/2021 8:20,11/1/2021 8:20,188.3,128.51,0.4,14,14,2
11/1/2021 8:25,11/1/2021 8:25,11/1/2021 8:25,208.7,244.17,0.4,14,14,2
11/1/2021 8:30,11/1/2021 8:30,11/1/2021 8:30,218,255.05,0.4,9,9,2
11/1/2021 8:35,11/1/2021 8:36,11/1/2021 8:35,127,0,0.4,9,9,2
11/1/2021 13:35,11/1/2021 13:37,11/1/2021 13:35,331,1613.62,1.7,36,36,2
11/1/2021 14:25,11/1/2021 14:25,11/1/2021 14:25,289.3,902.61,2.4,25,25,2
11/1/2021 16:10,11/1/2021 16:09,11/1/2021 16:10,249,485.55,3.6,25,25,2
11/1/2021 16:15,11/1/2021 16:15,11/1/2021 16:15,219,256.23,3.6,32,27,2
11/1/2021 17:40,11/1/2021 17:40,11/1/2021 17:40,184.6,35.99,4.1,11,11,2
11/1/2021 21:45,11/1/2021 21:46,11/1/2021 21:45,172,0,4.2,14,14,2
11/1/2021 22:15,11/1/2021 22:13,11/1/2021 22:15,169.2,0,4.2,16,16,2
11/1/2021 22:20,11/1/2021 22:18,11/1/2021 22:20,188.2,91.74,4.2,14,14,2
11/1/2021 22:25,11/1/2021 22:23,11/1/2021 22:25,135.6,0,4.2,12,12,2
11/1/2021 22:35,11/1/2021 22:34,11/1/2021 22:35,181.6,0,4.2,20,20,2
11/1/2021 22:40,11/1/2021 22:39,11/1/2021 22:40,180.3,0,4.2,17,14,2
11/1/2021 22:45,11/1/2021 22:45,11/1/2021 22:45,172.6,0,4.2,17,15,2
11/1/2021 23:05,11/1/2021 23:06,11/1/2021 23:05,187.5,91.4,4.2,16,16,2
11/1/2021 23:40,11/1/2021 23:37,11/1/2021 23:40,188,91.64,4.3,17,17,2
11/1/2021 23:45,11/1/2021 23:43,11/1/2021 23:45,177.7,0,4.3,17,14,2
11/1/2021 23:50,11/1/2021 23:48,11/1/2021 23:50,195.1,190.22,4.3,16,14,2
11/1/2021 23:55,11/1/2021 23:53,11/1/2021 23:55,182.2,0,4.3,17,14,2
11/2/2021 0:00,11/1/2021 23:59,11/2/2021 0:00,182.8,35.64,4.3,19,14,2
11/2/2021 0:05,11/2/2021 0:04,11/2/2021 0:05,179.8,0,0,17,15,2
11/2/2021 0:10,11/2/2021 0:09,11/2/2021 0:10,161.1,0,0,19,14,2
11/2/2021 0:15,11/2/2021 0:15,11/2/2021 0:15,187.1,91.21,0,16,13,2
11/2/2021 0:20,11/2/2021 0:20,11/2/2021 0:20,200.1,195.09,0,14,12,2
11/2/2021 0:25,11/2/2021 0:25,11/2/2021 0:25,188.1,91.69,0,16,12,2
11/2/2021 0:30,11/2/2021 0:31,11/2/2021 0:30,196.6,191.68,0,16,13,2
11/2/2021 0:35,11/2/2021 0:36,11/2/2021 0:35,181.3,0,0,16,13,2
11/2/2021 0:40,11/2/2021 0:42,11/2/2021 0:40,185.2,90.28,0,19,15,2
11/2/2021 0:45,11/2/2021 0:47,11/2/2021 0:45,184.7,36.01,0,22,17,2
11/2/2021 0:55,11/2/2021 0:52,11/2/2021 0:55,183,0,0,22,16,2
11/2/2021 1:00,11/2/2021 0:58,11/2/2021 1:00,203.6,198.51,0,20,17,2
11/2/2021 1:05,11/2/2021 1:03,11/2/2021 1:05,184.2,89.79,0,20,15,2
11/2/2021 1:10,11/2/2021 1:08,11/2/2021 1:10,181.1,35.31,0,22,17,2
11/2/2021 1:15,11/2/2021 1:14,11/2/2021 1:15,193.7,132.2,0.1,20,16,2
11/2/2021 1:20,11/2/2021 1:19,11/2/2021 1:20,181.8,0,0.1,17,15,2
11/2/2021 1:25,11/2/2021 1:24,11/2/2021 1:25,196.6,191.68,0.1,19,15,2
11/2/2021 1:30,11/2/2021 1:30,11/2/2021 1:30,184.8,90.09,0.1,19,14,2
11/2/2021 1:35,11/2/2021 1:35,11/2/2021 1:35,187.1,91.21,0.1,16,13,2
11/2/2021 1:40,11/2/2021 1:40,11/2/2021 1:40,204,198.9,0.1,17,13,2
11/2/2021 1:45,11/2/2021 1:46,11/2/2021 1:45,184.8,36.03,0.1,16,13,2
11/2/2021 1:50,11/2/2021 1:51,11/2/2021 1:50,170.5,0,0.1,17,14,2
11/2/2021 1:55,11/2/2021 1:57,11/2/2021 1:55,171.7,0,0.1,19,15,2
11/2/2021 2:00,11/2/2021 2:02,11/2/2021 2:00,188.5,91.89,0.1,20,14,2
11/2/2021 2:10,11/2/2021 2:07,11/2/2021 2:10,186,90.67,0.1,20,15,2
11/2/2021 2:15,11/2/2021 2:13,11/2/2021 2:15,179,0,0.1,19,15,2
11/2/2021 2:20,11/2/2021 2:18,11/2/2021 2:20,181.7,0,0.1,17,13,2
11/2/2021 2:25,11/2/2021 2:23,11/2/2021 2:25,184.8,90.09,0.1,16,12,2
11/2/2021 2:30,11/2/2021 2:29,11/2/2021 2:30,178.8,0,0.1,16,13,2
11/2/2021 2:35,11/2/2021 2:34,11/2/2021 2:35,185.2,54.17,0.1,16,13,2
11/2/2021 2:40,11/2/2021 2:39,11/2/2021 2:40,176.5,0,0.1,16,12,2
11/2/2021 2:45,11/2/2021 2:45,11/2/2021 2:45,112.5,0,0.1,16,13,2
11/2/2021 2:50,11/2/2021 2:50,11/2/2021 2:50,175.2,0,0.1,16,12,2
11/2/2021 2:55,11/2/2021 2:55,11/2/2021 2:55,180.3,0,0.1,17,13,2
11/2/2021 3:00,11/2/2021 3:01,11/2/2021 3:00,187,127.62,0.1,17,14,2
11/2/2021 3:05,11/2/2021 3:06,11/2/2021 3:05,187.5,91.4,0.1,16,13,2
11/2/2021 3:10,11/2/2021 3:11,11/2/2021 3:10,178.3,0,0.1,16,13,2
11/2/2021 3:15,11/2/2021 3:17,11/2/2021 3:15,187.8,128.17,0.1,19,14,2
11/2/2021 3:25,11/2/2021 3:22,11/2/2021 3:25,183.6,0,0.1,17,13,2
11/2/2021 3:30,11/2/2021 3:28,11/2/2021 3:30,179.5,0,0.1,17,14,2
11/2/2021 3:35,11/2/2021 3:33,11/2/2021 3:35,181.2,35.33,0.1,17,14,2
11/2/2021 3:40,11/2/2021 3:38,11/2/2021 3:40,182.6,0,0.1,17,12,2
11/2/2021 3:45,11/2/2021 3:44,11/2/2021 3:45,214.8,251.31,0.1,19,14,2
11/2/2021 3:50,11/2/2021 3:49,11/2/2021 3:50,148.6,0,0.1,16,13,2
11/2/2021 3:55,11/2/2021 3:54,11/2/2021 3:55,166.3,0,0.1,16,13,2
11/2/2021 4:00,11/2/2021 4:00,11/2/2021 4:00,112.3,0,0.1,16,11,2
11/2/2021 4:05,11/2/2021 4:05,11/2/2021 4:05,117.1,0,0.1,14,11,2
11/2/2021 4:10,11/2/2021 4:10,11/2/2021 4:10,186.6,90.96,0.1,17,14,2
11/2/2021 4:15,11/2/2021 4:16,11/2/2021 4:15,179.7,0,0.1,17,13,2
11/2/2021 4:20,11/2/2021 4:21,11/2/2021 4:20,117.1,0,0.1,17,15,2
11/2/2021 4:25,11/2/2021 4:26,11/2/2021 4:25,150.6,0,0.2,17,14,2
11/2/2021 4:30,11/2/2021 4:32,11/2/2021 4:30,165.5,0,0.2,17,15,2
11/2/2021 4:40,11/2/2021 4:37,11/2/2021 4:40,95,0,0.2,17,13,2
11/2/2021 4:45,11/2/2021 4:42,11/2/2021 4:45,162.5,0,0.2,17,14,2
11/2/2021 4:50,11/2/2021 4:48,11/2/2021 4:50,192.6,131.44,0.2,17,14,2
11/2/2021 4:55,11/2/2021 4:53,11/2/2021 4:55,152.2,0,0.2,17,13,2
11/2/2021 5:00,11/2/2021 4:59,11/2/2021 5:00,172.1,0,0.2,16,13,2
11/2/2021 5:05,11/2/2021 5:04,11/2/2021 5:05,184.1,35.89,0.2,19,13,2
11/2/2021 5:10,11/2/2021 5:09,11/2/2021 5:10,190.6,92.91,0.2,19,14,2
11/2/2021 5:15,11/2/2021 5:15,11/2/2021 5:15,165.3,0,0.2,17,14,2
11/2/2021 5:20,11/2/2021 5:20,11/2/2021 5:20,179.6,0,0.2,16,12,2
11/2/2021 5:25,11/2/2021 5:25,11/2/2021 5:25,166.3,0,0.2,16,13,2
11/2/2021 5:30,11/2/2021 5:31,11/2/2021 5:30,182.6,35.6,0.2,17,13,2
11/2/2021 5:35,11/2/2021 5:36,11/2/2021 5:35,171.8,0,0.2,16,12,2
11/2/2021 5:40,11/2/2021 5:41,11/2/2021 5:40,136.7,0,0.2,16,13,2
11/2/2021 5:45,11/2/2021 5:47,11/2/2021 5:45,194.8,132.95,0.2,16,13,2
11/2/2021 5:55,11/2/2021 5:52,11/2/2021 5:55,181.1,0,0.2,16,13,2
11/2/2021 6:00,11/2/2021 5:57,11/2/2021 6:00,153.8,0,0.2,16,11,2
11/2/2021 6:05,11/2/2021 6:03,11/2/2021 6:05,170.6,0,0.2,16,11,2
11/2/2021 6:10,11/2/2021 6:08,11/2/2021 6:10,177,0,0.2,16,12,2
11/2/2021 6:15,11/2/2021 6:13,11/2/2021 6:15,151.1,0,0.2,14,12,2
11/2/2021 6:20,11/2/2021 6:19,11/2/2021 6:20,178.7,0,0.2,16,12,2
11/2/2021 6:25,11/2/2021 6:24,11/2/2021 6:25,164.8,0,0.2,14,11,2
11/2/2021 6:30,11/2/2021 6:30,11/2/2021 6:30,131.2,0,0.2,16,12,2
11/2/2021 6:35,11/2/2021 6:35,11/2/2021 6:35,172.1,0,0.2,16,13,2
11/2/2021 6:40,11/2/2021 6:40,11/2/2021 6:40,181,0,0.2,17,14,2
11/2/2021 6:45,11/2/2021 6:46,11/2/2021 6:45,146,0,0.2,16,13,2
11/2/2021 6:50,11/2/2021 6:51,11/2/2021 6:50,160.2,0,0.2,16,14,2
11/2/2021 6:55,11/2/2021 6:56,11/2/2021 6:55,175.6,0,0.2,17,13,2
11/2/2021 7:00,11/2/2021 7:02,11/2/2021 7:00,156.1,0,0.2,16,14,2
11/2/2021 7:10,11/2/2021 7:07,11/2/2021 7:10,182.1,0,0.2,14,12,2
11/2/2021 7:15,11/2/2021 7:12,11/2/2021 7:15,147.3,0,0.2,16,12,2
11/2/2021 7:20,11/2/2021 7:18,11/2/2021 7:20,178.8,0,0.2,16,13,2
11/2/2021 7:25,11/2/2021 7:23,11/2/2021 7:25,181.2,0,0.2,17,14,2
11/2/2021 7:30,11/2/2021 7:28,11/2/2021 7:30,180.7,0,0.2,12,11,2
11/2/2021 7:40,11/2/2021 7:39,11/2/2021 7:40,168.1,0,0.2,12,12,2
11/2/2021 7:45,11/2/2021 7:45,11/2/2021 7:45,181.5,0,0.2,16,13,2
11/2/2021 7:50,11/2/2021 7:50,11/2/2021 7:50,184.5,0,0.2,16,16,2
11/2/2021 7:55,11/2/2021 7:55,11/2/2021 7:55,148.3,0,0.2,17,14,2
11/2/2021 8:00,11/2/2021 8:01,11/2/2021 8:00,167.5,0,0.2,14,12,2
11/2/2021 8:10,11/2/2021 8:12,11/2/2021 8:10,182.5,0,0.2,16,16,2
11/2/2021 8:35,11/2/2021 8:33,11/2/2021 8:35,182.8,35.64,0.2,14,14,2
11/2/2021 8:40,11/2/2021 8:39,11/2/2021 8:40,201.5,196.46,0.2,16,13,2
11/2/2021 8:45,11/2/2021 8:44,11/2/2021 8:45,116.6,0,0.2,16,12,2
11/2/2021 8:50,11/2/2021 8:50,11/2/2021 8:50,154,0,0.2,16,13,2
11/2/2021 8:55,11/2/2021 8:55,11/2/2021 8:55,149.8,0,0.2,17,11,2
11/2/2021 9:00,11/2/2021 9:00,11/2/2021 9:00,165.3,0,0.2,19,14,2
11/2/2021 9:05,11/2/2021 9:06,11/2/2021 9:05,171,0,0.2,12,12,2
11/2/2021 9:30,11/2/2021 9:27,11/2/2021 9:30,182.1,0,0.2,16,15,2
11/2/2021 9:35,11/2/2021 9:33,11/2/2021 9:35,131.5,0,0.2,16,16,2
11/2/2021 9:40,11/2/2021 9:38,11/2/2021 9:40,185.7,90.52,0.3,20,20,2
11/2/2021 9:45,11/2/2021 9:43,11/2/2021 9:45,186.3,90.82,0.3,19,17,2
11/2/2021 9:55,11/2/2021 9:54,11/2/2021 9:55,208.2,243.59,0.3,19,19,2
11/2/2021 10:00,11/2/2021 10:00,11/2/2021 10:00,155.5,0,0.3,17,17,2
11/2/2021 10:05,11/2/2021 10:05,11/2/2021 10:05,192.6,150.22,0.3,19,16,2
11/2/2021 10:10,11/2/2021 10:10,11/2/2021 10:10,84.1,0,0.3,19,19,2
11/2/2021 10:15,11/2/2021 10:16,11/2/2021 10:15,198.6,193.63,0.3,28,24,2
11/2/2021 10:20,11/2/2021 10:21,11/2/2021 10:20,200.3,195.29,0.3,16,16,2
11/2/2021 10:25,11/2/2021 10:27,11/2/2021 10:25,223.6,283.41,0.4,19,16,2
11/2/2021 10:30,11/2/2021 10:32,11/2/2021 10:30,190.1,129.74,0.4,25,22,2
11/2/2021 10:40,11/2/2021 10:37,11/2/2021 10:40,233,340.76,0.4,24,19,2
11/2/2021 10:45,11/2/2021 10:43,11/2/2021 10:45,192,131.03,0.4,30,24,2
11/2/2021 10:50,11/2/2021 10:48,11/2/2021 10:50,253.5,543.75,0.5,28,22,2
11/2/2021 11:00,11/2/2021 10:59,11/2/2021 11:00,210,245.7,0.6,17,17,2
11/2/2021 11:15,11/2/2021 11:15,11/2/2021 11:15,207.5,242.77,0.6,25,25,2
11/2/2021 11:20,11/2/2021 11:20,11/2/2021 11:20,290.1,989.96,0.7,25,25,2
11/2/2021 11:25,11/2/2021 11:26,11/2/2021 11:25,234.6,365.97,0.7,30,30,2
11/2/2021 12:05,11/2/2021 12:03,11/2/2021 12:05,213.5,249.79,1,16,16,2
11/2/2021 12:10,11/2/2021 12:09,11/2/2021 12:10,243.3,426.99,1,33,27,2
11/2/2021 12:20,11/2/2021 12:19,11/2/2021 12:20,256.5,550.19,1,28,28,2
11/2/2021 13:40,11/2/2021 13:40,11/2/2021 13:40,255.5,548.04,1.5,14,14,2
11/2/2021 17:15,11/2/2021 17:17,11/2/2021 17:15,182.8,0,2.3,12,12,2
11/2/2021 17:25,11/2/2021 17:22,11/2/2021 17:25,152,0,2.3,8,8,2
11/2/2021 17:30,11/2/2021 17:28,11/2/2021 17:30,181,0,2.3,11,11,2
11/2/2021 17:45,11/2/2021 17:44,11/2/2021 17:45,175.1,0,2.3,12,12,2
11/2/2021 17:50,11/2/2021 17:49,11/2/2021 17:50,96.3,0,2.3,9,9,2
11/2/2021 17:55,11/2/2021 17:55,11/2/2021 17:55,66.5,0,2.3,11,9,2
11/2/2021 18:00,11/2/2021 18:00,11/2/2021 18:00,101.2,0,2.3,9,8,2
11/2/2021 18:05,11/2/2021 18:05,11/2/2021 18:05,41.7,0,2.3,9,9,2
11/2/2021 18:40,11/2/2021 18:38,11/2/2021 18:40,41,0,2.3,9,9,2
11/2/2021 19:45,11/2/2021 19:42,11/2/2021 19:45,68.2,0,2.3,9,9,2
11/2/2021 20:30,11/2/2021 20:31,11/2/2021 20:30,51.1,0,2.3,8,8,2
11/2/2021 20:35,11/2/2021 20:36,11/2/2021 20:35,40.8,0,2.3,9,7,2
11/2/2021 20:40,11/2/2021 20:41,11/2/2021 20:40,65,0,2.3,8,8,2
11/2/2021 20:45,11/2/2021 20:47,11/2/2021 20:45,62.1,0,2.3,8,7,2
11/2/2021 21:15,11/2/2021 21:14,11/2/2021 21:15,47.2,0,2.3,9,9,2
11/2/2021 21:20,11/2/2021 21:19,11/2/2021 21:20,56.5,0,2.3,9,8,2
11/2/2021 21:25,11/2/2021 21:24,11/2/2021 21:25,39,0,2.3,11,8,2
11/2/2021 21:30,11/2/2021 21:30,11/2/2021 21:30,39.1,0,2.3,9,8,2
11/2/2021 21:35,11/2/2021 21:35,11/2/2021 21:35,74.1,0,2.3,9,9,2
11/2/2021 21:40,11/2/2021 21:40,11/2/2021 21:40,59.2,0,2.3,11,11,2
11/2/2021 21:45,11/2/2021 21:46,11/2/2021 21:45,61,0,2.3,9,7,2
11/2/2021 22:10,11/2/2021 22:07,11/2/2021 22:10,32.5,0,2.3,9,9,2
11/2/2021 22:15,11/2/2021 22:13,11/2/2021 22:15,24.5,0,2.3,8,8,2
11/2/2021 22:20,11/2/2021 22:18,11/2/2021 22:20,37.6,0,2.3,8,7,2
11/2/2021 22:25,11/2/2021 22:23,11/2/2021 22:25,53.1,0,2.3,8,7,2
11/2/2021 22:30,11/2/2021 22:29,11/2/2021 22:30,57.8,0,2.3,9,7,2
11/2/2021 22:35,11/2/2021 22:34,11/2/2021 22:35,51.3,0,2.3,9,8,2
11/2/2021 22:40,11/2/2021 22:40,11/2/2021 22:40,42.3,0,2.3,8,7,2
11/2/2021 22:45,11/2/2021 22:45,11/2/2021 22:45,37.7,0,2.3,8,7,2
11/2/2021 22:50,11/2/2021 22:50,11/2/2021 22:50,55.1,0,2.3,9,9,2
11/2/2021 23:00,11/2/2021 23:01,11/2/2021 23:00,53.2,0,2.3,8,8,2
11/2/2021 23:05,11/2/2021 23:06,11/2/2021 23:05,59.8,0,2.3,4,4,2
11/2/2021 23:10,11/2/2021 23:12,11/2/2021 23:10,82.6,0,2.3,9,7,2
11/2/2021 23:20,11/2/2021 23:17,11/2/2021 23:20,26.6,0,2.3,8,8,2
11/2/2021 23:25,11/2/2021 23:23,11/2/2021 23:25,46,0,2.3,9,6,2
11/2/2021 23:30,11/2/2021 23:28,11/2/2021 23:30,41.6,0,2.3,8,6,2
11/2/2021 23:35,11/2/2021 23:33,11/2/2021 23:35,54.8,0,2.3,8,7,2
11/2/2021 23:40,11/2/2021 23:39,11/2/2021 23:40,39,0,2.3,8,7,2
11/2/2021 23:45,11/2/2021 23:44,11/2/2021 23:45,35.7,0,2.3,9,7,2
11/2/2021 23:50,11/2/2021 23:49,11/2/2021 23:50,44.8,0,2.3,8,6,2
11/2/2021 23:55,11/2/2021 23:55,11/2/2021 23:55,0,0,2.3,6,4,2
11/4/2021 0:00,11/4/2021 0:02,11/4/2021 0:00,0.2,0,0,6,5,2
11/4/2021 0:10,11/4/2021 0:07,11/4/2021 0:10,0.2,0,0,8,8,2
11/4/2021 0:15,11/4/2021 0:12,11/4/2021 0:15,0.2,0,0,8,7,2
11/4/2021 0:20,11/4/2021 0:18,11/4/2021 0:20,0.2,0,0,8,8,2
11/4/2021 0:25,11/4/2021 0:23,11/4/2021 0:25,0.2,0,0,8,7,2
11/4/2021 0:30,11/4/2021 0:29,11/4/2021 0:30,0.2,0,0,9,8,2
11/4/2021 0:35,11/4/2021 0:34,11/4/2021 0:35,0.2,0,0,9,8,2
11/4/2021 0:40,11/4/2021 0:39,11/4/2021 0:40,0.2,0,0,9,8,2
11/4/2021 0:45,11/4/2021 0:45,11/4/2021 0:45,0.2,0,0,9,7,2
11/4/2021 0:50,11/4/2021 0:50,11/4/2021 0:50,0.2,0,0,6,5,2
11/4/2021 0:55,11/4/2021 0:55,11/4/2021 0:55,0.2,0,0,8,6,2
11/4/2021 1:00,11/4/2021 1:01,11/4/2021 1:00,0.3,0,0,6,5,2
11/4/2021 1:05,11/4/2021 1:06,11/4/2021 1:05,0.2,0,0,6,5,2
11/4/2021 1:10,11/4/2021 1:11,11/4/2021 1:10,0.2,0,0,6,4,2
11/4/2021 1:15,11/4/2021 1:17,11/4/2021 1:15,0.2,0,0,6,4,2
11/4/2021 1:25,11/4/2021 1:22,11/4/2021 1:25,0.3,0,0,4,4,2
11/4/2021 1:30,11/4/2021 1:28,11/4/2021 1:30,0.2,0,0,3,3,2
11/4/2021 1:35,11/4/2021 1:33,11/4/2021 1:35,0.3,0,0,4,4,2
11/4/2021 2:00,11/4/2021 2:00,11/4/2021 2:00,0.3,0,0,8,8,2
11/4/2021 2:05,11/4/2021 2:05,11/4/2021 2:05,0.3,0,0,8,6,2
11/4/2021 2:10,11/4/2021 2:11,11/4/2021 2:10,0.3,0,0,6,5,2
11/4/2021 2:15,11/4/2021 2:15,11/4/2021 2:15,0.3,0,0,8,6,2
11/4/2021 2:20,11/4/2021 2:20,11/4/2021 2:20,0.3,0,0,8,6,2
11/4/2021 2:25,11/4/2021 2:26,11/4/2021 2:25,0.3,0,0,8,6,2
11/4/2021 2:30,11/4/2021 2:31,11/4/2021 2:30,0.3,0,0,9,8,2
11/4/2021 2:35,11/4/2021 2:37,11/4/2021 2:35,0.3,0,0,9,8,2
11/4/2021 2:40,11/4/2021 2:42,11/4/2021 2:40,0.3,0,0,9,9,2
11/4/2021 2:50,11/4/2021 2:47,11/4/2021 2:50,0.3,0,0,9,8,2
11/4/2021 2:55,11/4/2021 2:53,11/4/2021 2:55,0.2,0,0,9,8,2
11/4/2021 3:00,11/4/2021 2:58,11/4/2021 3:00,0.3,0,0,8,8,2
11/4/2021 3:05,11/4/2021 3:03,11/4/2021 3:05,0.3,0,0,8,6,2
11/4/2021 3:15,11/4/2021 3:14,11/4/2021 3:15,0.3,0,0,8,8,2
11/4/2021 3:20,11/4/2021 3:19,11/4/2021 3:20,0.3,0,0,6,6,2
11/4/2021 3:25,11/4/2021 3:25,11/4/2021 3:25,0.3,0,0,4,4,2
11/4/2021 3:30,11/4/2021 3:30,11/4/2021 3:30,0.2,0,0,6,4,2
11/4/2021 3:35,11/4/2021 3:35,11/4/2021 3:35,0.3,0,0,6,6,2
11/4/2021 3:40,11/4/2021 3:41,11/4/2021 3:40,0.5,0,0,8,6,2
11/4/2021 3:45,11/4/2021 3:46,11/4/2021 3:45,0.3,0,0,8,8,2
11/4/2021 3:50,11/4/2021 3:52,11/4/2021 3:50,0.3,0,0,9,8,2
11/4/2021 3:55,11/4/2021 3:57,11/4/2021 3:55,0.3,0,0,11,9,2
11/4/2021 4:05,11/4/2021 4:02,11/4/2021 4:05,0.3,0,0,9,8,2
11/4/2021 4:10,11/4/2021 4:08,11/4/2021 4:10,0.3,0,0,9,8,2
11/4/2021 4:15,11/4/2021 4:13,11/4/2021 4:15,0.3,0,0,11,9,2
11/4/2021 4:20,11/4/2021 4:18,11/4/2021 4:20,0.3,0,0,9,8,2
11/4/2021 4:25,11/4/2021 4:24,11/4/2021 4:25,0.3,0,0,9,8,2
11/4/2021 4:30,11/4/2021 4:29,11/4/2021 4:30,0.3,0,0,9,7,2
11/4/2021 4:35,11/4/2021 4:34,11/4/2021 4:35,0.3,0,0,9,8,2
11/4/2021 4:40,11/4/2021 4:40,11/4/2021 4:40,0.3,0,0,9,7,2
11/4/2021 4:45,11/4/2021 4:45,11/4/2021 4:45,0.3,0,0,9,8,2
11/4/2021 4:50,11/4/2021 4:50,11/4/2021 4:50,0.3,0,0,8,5,2
11/4/2021 4:55,11/4/2021 4:56,11/4/2021 4:55,0.5,0,0,4,3,2
11/4/2021 5:00,11/4/2021 5:01,11/4/2021 5:00,0.3,0,0,6,4,2
11/4/2021 5:05,11/4/2021 5:06,11/4/2021 5:05,0.3,0,0,8,6,2
11/4/2021 5:10,11/4/2021 5:12,11/4/2021 5:10,0.3,0,0,8,7,2
11/4/2021 5:20,11/4/2021 5:17,11/4/2021 5:20,0.5,0,0,6,5,2
11/4/2021 5:25,11/4/2021 5:23,11/4/2021 5:25,0.3,0,0,9,7,2
11/4/2021 5:30,11/4/2021 5:28,11/4/2021 5:30,0.3,0,0,9,8,2
11/4/2021 5:35,11/4/2021 5:33,11/4/2021 5:35,0.3,0,0,12,10,2
11/4/2021 5:40,11/4/2021 5:39,11/4/2021 5:40,0.3,0,0,12,10,2
11/4/2021 5:45,11/4/2021 5:44,11/4/2021 5:45,0.3,0,0,11,9,2
11/4/2021 5:50,11/4/2021 5:49,11/4/2021 5:50,0.3,0,0,11,8,2
11/4/2021 5:55,11/4/2021 5:55,11/4/2021 5:55,0.3,0,0,11,9,2
11/4/2021 6:00,11/4/2021 6:00,11/4/2021 6:00,0.2,0,0,9,8,2
11/4/2021 6:05,11/4/2021 6:05,11/4/2021 6:05,0.3,0,0,9,7,2
11/4/2021 6:10,11/4/2021 6:11,11/4/2021 6:10,0.3,0,0,8,7,2
11/4/2021 6:15,11/4/2021 6:16,11/4/2021 6:15,0.2,0,0,9,8,2
11/4/2021 6:20,11/4/2021 6:21,11/4/2021 6:20,0.2,0,0,9,8,2
11/4/2021 6:25,11/4/2021 6:27,11/4/2021 6:25,0.2,0,0,8,7,2
11/4/2021 6:35,11/4/2021 6:32,11/4/2021 6:35,0.3,0,0,8,6,2
11/4/2021 6:40,11/4/2021 6:38,11/4/2021 6:40,0.3,0,0,9,8,2
11/4/2021 6:45,11/4/2021 6:43,11/4/2021 6:45,0.3,0,0,11,9,2
11/4/2021 6:50,11/4/2021 6:48,11/4/2021 6:50,0.2,0,0,12,9,2
11/4/2021 6:55,11/4/2021 6:54,11/4/2021 6:55,0.3,0,0,11,9,2
11/4/2021 7:00,11/4/2021 6:59,11/4/2021 7:00,0.2,0,0,12,10,2
11/4/2021 7:05,11/4/2021 7:04,11/4/2021 7:05,0.2,0,0,12,11,2
11/4/2021 7:10,11/4/2021 7:10,11/4/2021 7:10,0.2,0,0,12,11,2
11/4/2021 7:15,11/4/2021 7:15,11/4/2021 7:15,0.2,0,0,12,10,2
11/4/2021 7:20,11/4/2021 7:20,11/4/2021 7:20,0.2,0,0,12,10,2
11/4/2021 7:25,11/4/2021 7:26,11/4/2021 7:25,0.2,0,0,12,10,2
11/4/2021 7:30,11/4/2021 7:31,11/4/2021 7:30,0.1,0,0,12,10,2
11/4/2021 7:35,11/4/2021 7:36,11/4/2021 7:35,0.2,0,0,14,12,2
11/4/2021 7:40,11/4/2021 7:42,11/4/2021 7:40,0.1,0,0,12,10,2
11/4/2021 7:50,11/4/2021 7:47,11/4/2021 7:50,0.2,0,0,11,9,2
11/4/2021 7:55,11/4/2021 7:52,11/4/2021 7:55,0.1,0,0,9,7,2
11/4/2021 8:00,11/4/2021 7:58,11/4/2021 8:00,0.2,0,0,9,6,2
11/4/2021 8:05,11/4/2021 8:03,11/4/2021 8:05,0.2,0,0,8,7,2
11/4/2021 8:10,11/4/2021 8:09,11/4/2021 8:10,0.2,0,0,8,7,2
11/4/2021 8:15,11/4/2021 8:14,11/4/2021 8:15,0.2,0,0,9,8,2
11/4/2021 8:20,11/4/2021 8:19,11/4/2021 8:20,0.2,0,0,9,8,2
11/4/2021 8:25,11/4/2021 8:25,11/4/2021 8:25,0.2,0,0,11,9,2
11/4/2021 8:30,11/4/2021 8:30,11/4/2021 8:30,0.2,0,0,9,8,2
11/4/2021 8:35,11/4/2021 8:35,11/4/2021 8:35,0.2,0,0,11,10,2
11/4/2021 8:40,11/4/2021 8:41,11/4/2021 8:40,0.2,0,0,12,11,2
11/4/2021 8:45,11/4/2021 8:46,11/4/2021 8:45,1.1,0,0,12,11,2
11/4/2021 8:50,11/4/2021 8:51,11/4/2021 8:50,1.8,0,0,12,12,2
11/4/2021 8:55,11/4/2021 8:57,11/4/2021 8:55,183.1,0,0,16,14,2
11/4/2021 9:05,11/4/2021 9:02,11/4/2021 9:05,189.1,129.06,0,14,14,2
11/4/2021 9:10,11/4/2021 9:07,11/4/2021 9:10,185.3,90.33,0,14,13,2
11/4/2021 9:15,11/4/2021 9:13,11/4/2021 9:15,180.5,0,0,11,11,2
11/4/2021 9:20,11/4/2021 9:18,11/4/2021 9:20,187.2,91.25,0,14,14,2
11/4/2021 9:45,11/4/2021 9:45,11/4/2021 9:45,100,0,0,11,11,2
11/4/2021 9:50,11/4/2021 9:50,11/4/2021 9:50,146.6,0,0,8,8,2
11/4/2021 10:30,11/4/2021 10:28,11/4/2021 10:30,189.2,129.12,0,11,11,2
11/4/2021 10:40,11/4/2021 10:41,11/4/2021 10:40,179.2,0,0,16,16,2
11/4/2021 10:45,11/4/2021 10:46,11/4/2021 10:45,178.5,0,0,19,14,2
11/4/2021 10:50,11/4/2021 10:52,11/4/2021 10:50,183.2,0,0,17,13,2
11/4/2021 10:55,11/4/2021 10:57,11/4/2021 10:55,167.7,0,0,16,12,2
11/4/2021 11:15,11/4/2021 11:13,11/4/2021 11:15,210.3,246.05,0.1,16,16,2
11/4/2021 11:20,11/4/2021 11:18,11/4/2021 11:20,189.1,129.06,0.1,12,12,2
11/4/2021 11:25,11/4/2021 11:24,11/4/2021 11:25,210.7,246.51,0.1,14,14,2
11/4/2021 11:30,11/4/2021 11:29,11/4/2021 11:30,185.5,108.51,0.1,17,16,2
11/4/2021 11:35,11/4/2021 11:34,11/4/2021 11:35,207.5,202.31,0.1,20,12,2
11/4/2021 11:40,11/4/2021 11:40,11/4/2021 11:40,182.3,0,0.1,17,16,2
11/4/2021 11:45,11/4/2021 11:45,11/4/2021 11:45,179.3,0,0.1,20,18,2
11/4/2021 11:50,11/4/2021 11:51,11/4/2021 11:50,249.3,486.13,0.1,25,19,2
11/4/2021 11:55,11/4/2021 11:56,11/4/2021 11:55,208.6,203.38,0.1,19,14,2
11/4/2021 12:00,11/4/2021 12:01,11/4/2021 12:00,183,0,0.1,20,16,2
11/4/2021 12:05,11/4/2021 12:07,11/4/2021 12:05,185,36.07,0.1,25,19,2
11/4/2021 12:15,11/4/2021 12:12,11/4/2021 12:15,202,196.95,0.2,27,20,2
11/4/2021 12:20,11/4/2021 12:17,11/4/2021 12:20,188.3,128.51,0.2,20,17,2
11/4/2021 12:25,11/4/2021 12:23,11/4/2021 12:25,215.2,251.78,0.2,24,17,2
11/4/2021 12:30,11/4/2021 12:28,11/4/2021 12:30,192,131.03,0.2,25,17,2
11/4/2021 12:35,11/4/2021 12:34,11/4/2021 12:35,187.1,0,0.2,24,19,2
11/4/2021 12:40,11/4/2021 12:39,11/4/2021 12:40,188.6,128.71,0.2,30,22,2
11/4/2021 12:45,11/4/2021 12:44,11/4/2021 12:45,204.3,199.19,0.3,27,19,2
11/4/2021 12:50,11/4/2021 12:50,11/4/2021 12:50,263,641.06,0.3,24,15,2
11/4/2021 12:55,11/4/2021 12:55,11/4/2021 12:55,189.3,92.28,0.3,22,16,2
11/4/2021 13:00,11/4/2021 13:00,11/4/2021 13:00,187.3,109.57,0.3,20,16,2
11/4/2021 13:05,11/4/2021 13:06,11/4/2021 13:05,213.1,249.32,0.3,22,16,2
11/4/2021 13:10,11/4/2021 13:11,11/4/2021 13:10,228.1,333.59,0.4,24,16,2
11/4/2021 13:15,11/4/2021 13:16,11/4/2021 13:15,201,195.97,0.4,24,19,2
11/4/2021 13:20,11/4/2021 13:22,11/4/2021 13:20,204.2,199.09,0.4,24,16,2
11/4/2021 13:30,11/4/2021 13:27,11/4/2021 13:30,196.3,191.39,0.4,17,16,2
11/4/2021 13:35,11/4/2021 13:33,11/4/2021 13:35,157.8,0,0.4,14,13,2
11/4/2021 13:40,11/4/2021 13:38,11/4/2021 13:40,157.7,0,0.4,22,19,2
11/4/2021 13:45,11/4/2021 13:43,11/4/2021 13:45,248.6,484.77,0.4,22,15,2
11/4/2021 13:50,11/4/2021 13:49,11/4/2021 13:50,184.3,17.96,0.5,22,16,2
11/4/2021 13:55,11/4/2021 13:54,11/4/2021 13:55,185.2,36.11,0.5,22,16,2
11/4/2021 14:00,11/4/2021 13:59,11/4/2021 14:00,217.2,254.12,0.5,22,17,2
11/4/2021 14:05,11/4/2021 14:05,11/4/2021 14:05,188.7,128.78,0.5,12,12,2
11/4/2021 14:10,11/4/2021 14:10,11/4/2021 14:10,181.6,0,0.5,22,16,2
11/4/2021 14:15,11/4/2021 14:15,11/4/2021 14:15,187.5,36.56,0.5,24,21,2
11/4/2021 14:20,11/4/2021 14:21,11/4/2021 14:20,194.6,189.73,0.5,19,19,2
11/4/2021 14:25,11/4/2021 14:26,11/4/2021 14:25,253.6,543.97,0.5,22,19,2
11/4/2021 14:30,11/4/2021 14:32,11/4/2021 14:30,173.7,0,0.6,17,12,2
11/4/2021 14:35,11/4/2021 14:37,11/4/2021 14:35,179.1,0,0.6,16,15,2
11/4/2021 14:45,11/4/2021 14:42,11/4/2021 14:45,185.5,90.43,0.6,12,11,2
11/4/2021 14:50,11/4/2021 14:48,11/4/2021 14:50,185.3,36.13,0.6,12,11,2
11/4/2021 14:55,11/4/2021 14:53,11/4/2021 14:55,194.8,132.95,0.6,19,19,2
11/4/2021 15:05,11/4/2021 15:04,11/4/2021 15:05,184.5,35.97,0.6,17,17,2
11/4/2021 15:10,11/4/2021 15:09,11/4/2021 15:10,192.8,131.58,0.7,16,14,2
11/4/2021 15:15,11/4/2021 15:14,11/4/2021 15:15,200.6,195.58,0.7,16,15,2
11/4/2021 15:20,11/4/2021 15:20,11/4/2021 15:20,194.2,189.34,0.7,12,11,2
11/4/2021 15:30,11/4/2021 15:31,11/4/2021 15:30,198.8,193.83,0.7,24,24,2
11/4/2021 15:35,11/4/2021 15:36,11/4/2021 15:35,136.5,0,0.7,24,17,2
11/4/2021 15:40,11/4/2021 15:41,11/4/2021 15:40,227.3,332.42,0.8,24,19,2
11/4/2021 15:45,11/4/2021 15:47,11/4/2021 15:45,230.7,337.39,0.8,24,19,2
11/4/2021 15:50,11/4/2021 15:52,11/4/2021 15:50,230.1,336.52,0.8,24,19,2
11/4/2021 16:00,11/4/2021 15:57,11/4/2021 16:00,229.2,335.2,0.8,20,19,2
11/4/2021 16:10,11/4/2021 16:08,11/4/2021 16:10,187.3,91.3,0.8,19,19,2
11/4/2021 16:15,11/4/2021 16:13,11/4/2021 16:15,190.2,92.72,0.9,17,17,2
11/4/2021 16:20,11/4/2021 16:19,11/4/2021 16:20,96.3,0,0.9,12,12,2
11/4/2021 16:25,11/4/2021 16:24,11/4/2021 16:25,175.7,0,0.9,22,18,2
11/4/2021 16:30,11/4/2021 16:30,11/4/2021 16:30,182.6,0,0.9,11,11,2
11/4/2021 16:35,11/4/2021 16:35,11/4/2021 16:35,170.7,0,0.9,12,12,2
11/4/2021 16:40,11/4/2021 16:40,11/4/2021 16:40,162.8,0,0.9,16,12,2
11/4/2021 16:45,11/4/2021 16:46,11/4/2021 16:45,180.1,0,0.9,16,12,2
11/4/2021 16:50,11/4/2021 16:51,11/4/2021 16:50,188,91.64,0.9,16,13,2
11/4/2021 16:55,11/4/2021 16:56,11/4/2021 16:55,213.1,249.32,0.9,14,12,2
11/4/2021 17:00,11/4/2021 17:02,11/4/2021 17:00,184.1,35.89,0.9,9,9,2
11/4/2021 17:10,11/4/2021 17:07,11/4/2021 17:10,102,0,0.9,11,11,2
11/4/2021 17:15,11/4/2021 17:12,11/4/2021 17:15,186.7,91.01,0.9,16,12,2
11/4/2021 17:20,11/4/2021 17:18,11/4/2021 17:20,155.2,0,0.9,12,11,2
11/4/2021 17:25,11/4/2021 17:23,11/4/2021 17:25,181.3,0,0.9,14,11,2
11/4/2021 17:30,11/4/2021 17:29,11/4/2021 17:30,185,90.18,0.9,14,12,2
11/4/2021 17:35,11/4/2021 17:34,11/4/2021 17:35,179.8,0,0.9,16,12,2
11/4/2021 17:40,11/4/2021 17:39,11/4/2021 17:40,180.1,0,0.9,16,13,2
11/4/2021 17:45,11/4/2021 17:45,11/4/2021 17:45,186.1,36.28,0.9,14,12,2
11/4/2021 17:50,11/4/2021 17:50,11/4/2021 17:50,181.3,17.67,0.9,12,10,2
11/4/2021 17:55,11/4/2021 17:55,11/4/2021 17:55,180.2,0,0.9,12,11,2
11/4/2021 18:00,11/4/2021 18:01,11/4/2021 18:00,129.5,0,0.9,12,11,2
11/4/2021 18:05,11/4/2021 18:06,11/4/2021 18:05,151.5,0,0.9,14,12,2
11/4/2021 18:10,11/4/2021 18:11,11/4/2021 18:10,144.3,0,0.9,12,11,2
11/4/2021 18:15,11/4/2021 18:17,11/4/2021 18:15,171.2,0,0.9,14,12,2
11/4/2021 18:25,11/4/2021 18:22,11/4/2021 18:25,183.2,35.72,0.9,17,14,2
11/4/2021 18:30,11/4/2021 18:28,11/4/2021 18:30,188.2,36.69,0.9,16,14,2
11/4/2021 18:35,11/4/2021 18:33,11/4/2021 18:35,185.8,36.23,0.9,16,13,2
11/4/2021 18:40,11/4/2021 18:38,11/4/2021 18:40,180.2,0,0.9,16,13,2
11/4/2021 18:45,11/4/2021 18:44,11/4/2021 18:45,182.5,35.58,0.9,16,13,2
11/4/2021 18:50,11/4/2021 18:49,11/4/2021 18:50,147.7,0,0.9,14,12,2
11/4/2021 18:55,11/4/2021 18:54,11/4/2021 18:55,178,0,0.9,14,11,2
11/4/2021 19:20,11/4/2021 19:22,11/4/2021 19:20,182.7,35.62,1,16,16,2
11/4/2021 20:00,11/4/2021 20:00,11/4/2021 20:00,187,91.16,1,14,14,2
11/4/2021 20:05,11/4/2021 20:05,11/4/2021 20:05,200.1,195.09,1,16,16,2
11/4/2021 20:10,11/4/2021 20:10,11/4/2021 20:10,187.7,128.1,1,14,14,2
11/4/2021 20:15,11/4/2021 20:16,11/4/2021 20:15,188,109.97,1,17,15,2
11/4/2021 20:20,11/4/2021 20:21,11/4/2021 20:20,183.2,35.72,1,16,16,2
11/4/2021 20:25,11/4/2021 20:27,11/4/2021 20:25,196.3,153.11,1,19,16,2
11/4/2021 20:40,11/4/2021 20:37,11/4/2021 20:40,199.2,194.21,1,19,18,2
11/4/2021 20:50,11/4/2021 20:48,11/4/2021 20:50,186.8,91.06,1.1,17,17,2
11/4/2021 20:55,11/4/2021 20:53,11/4/2021 20:55,187.7,109.8,1.1,19,18,2
11/4/2021 21:00,11/4/2021 20:59,11/4/2021 21:00,182.6,35.6,1.1,19,17,2
11/4/2021 21:05,11/4/2021 21:04,11/4/2021 21:05,180.7,0,1.1,19,17,2
11/4/2021 21:10,11/4/2021 21:09,11/4/2021 21:10,184.7,90.04,1.1,19,17,2
11/4/2021 21:15,11/4/2021 21:15,11/4/2021 21:15,192.2,131.17,1.1,17,16,2
11/4/2021 21:20,11/4/2021 21:20,11/4/2021 21:20,180.3,0,1.1,19,16,2
11/4/2021 21:25,11/4/2021 21:25,11/4/2021 21:25,184.1,35.89,1.1,17,17,2
11/4/2021 21:30,11/4/2021 21:31,11/4/2021 21:30,194.2,132.54,1.1,14,13,2
11/4/2021 21:35,11/4/2021 21:36,11/4/2021 21:35,211.3,247.22,1.1,20,16,2
11/4/2021 21:40,11/4/2021 21:42,11/4/2021 21:40,223.7,261.72,1.2,20,17,2
11/4/2021 21:45,11/4/2021 21:47,11/4/2021 21:45,196.6,191.68,1.2,17,16,2
11/4/2021 21:55,11/4/2021 21:52,11/4/2021 21:55,179.6,0,1.2,17,17,2
11/4/2021 22:00,11/4/2021 21:58,11/4/2021 22:00,205,199.87,1.2,19,17,2
11/4/2021 22:05,11/4/2021 22:03,11/4/2021 22:05,178.5,0,1.2,17,17,2
11/4/2021 22:10,11/4/2021 22:08,11/4/2021 22:10,202.8,197.73,1.2,17,16,2
11/4/2021 22:15,11/4/2021 22:14,11/4/2021 22:15,186.3,108.98,1.2,16,15,2
11/4/2021 22:20,11/4/2021 22:19,11/4/2021 22:20,201.2,196.17,1.2,17,16,2
11/4/2021 22:25,11/4/2021 22:24,11/4/2021 22:25,187.2,91.25,1.2,16,14,2
11/4/2021 22:30,11/4/2021 22:30,11/4/2021 22:30,187.1,91.21,1.3,19,15,2
11/4/2021 22:35,11/4/2021 22:35,11/4/2021 22:35,183.5,0,1.3,17,15,2
11/4/2021 22:40,11/4/2021 22:41,11/4/2021 22:40,186.1,54.43,1.3,17,17,2
11/4/2021 22:45,11/4/2021 22:46,11/4/2021 22:45,183.7,35.82,1.3,14,14,2
11/4/2021 22:50,11/4/2021 22:51,11/4/2021 22:50,181.8,0,1.3,19,17,2
11/4/2021 22:55,11/4/2021 22:57,11/4/2021 22:55,187.8,128.17,1.3,19,16,2
11/4/2021 23:00,11/4/2021 23:02,11/4/2021 23:00,186.1,90.72,1.3,19,16,2
11/4/2021 23:10,11/4/2021 23:07,11/4/2021 23:10,177.8,0,1.3,17,15,2
11/4/2021 23:15,11/4/2021 23:13,11/4/2021 23:15,183.7,89.55,1.3,19,15,2
11/4/2021 23:20,11/4/2021 23:18,11/4/2021 23:20,196.3,133.97,1.3,19,16,2
11/4/2021 23:25,11/4/2021 23:23,11/4/2021 23:25,182.3,0,1.3,20,16,2
11/4/2021 23:30,11/4/2021 23:29,11/4/2021 23:30,196,133.76,1.3,19,16,2
11/4/2021 23:35,11/4/2021 23:34,11/4/2021 23:35,192,131.03,1.4,19,16,2
11/4/2021 23:40,11/4/2021 23:40,11/4/2021 23:40,215.6,252.25,1.39,19,17,2
11/4/2021 23:45,11/4/2021 23:45,11/4/2021 23:45,189.8,129.53,1.39,20,17,2
11/4/2021 23:50,11/4/2021 23:50,11/4/2021 23:50,200.1,195.09,1.39,19,16,2
11/4/2021 23:55,11/4/2021 23:56,11/4/2021 23:55,187.8,91.55,1.39,19,15,2
11/5/2021 0:00,11/5/2021 0:01,11/5/2021 0:00,189,128.99,0,17,15,2
11/5/2021 0:05,11/5/2021 0:06,11/5/2021 0:05,181.3,0,0,17,16,2
11/5/2021 0:10,11/5/2021 0:12,11/5/2021 0:10,186.8,36.42,0,17,15,2
11/5/2021 0:20,11/5/2021 0:17,11/5/2021 0:20,181.5,0,0,17,16,2
11/5/2021 0:25,11/5/2021 0:22,11/5/2021 0:25,230.7,337.39,0,19,16,2
11/5/2021 0:30,11/5/2021 0:28,11/5/2021 0:30,185.7,36.21,0,19,16,2
11/5/2021 0:35,11/5/2021 0:33,11/5/2021 0:35,203.5,198.41,0,19,16,2
11/5/2021 0:40,11/5/2021 0:39,11/5/2021 0:40,183.5,35.78,0.1,20,17,2
11/5/2021 0:45,11/5/2021 0:44,11/5/2021 0:45,183,35.68,0.1,20,17,2
11/5/2021 0:50,11/5/2021 0:49,11/5/2021 0:50,196.7,191.78,0.1,20,16,2
11/5/2021 0:55,11/5/2021 0:55,11/5/2021 0:55,196.8,191.88,0.1,19,16,2
11/5/2021 1:00,11/5/2021 1:00,11/5/2021 1:00,198,193.04,0.1,19,16,2
11/5/2021 1:05,11/5/2021 1:05,11/5/2021 1:05,203.1,198.02,0.1,20,17,2
11/5/2021 1:10,11/5/2021 1:11,11/5/2021 1:10,186.1,36.28,0.1,20,17,2
11/5/2021 1:15,11/5/2021 1:16,11/5/2021 1:15,188.7,91.99,0.1,19,17,2
11/5/2021 1:20,11/5/2021 1:21,11/5/2021 1:20,211.6,247.57,0.1,19,16,2
11/5/2021 1:25,11/5/2021 1:27,11/5/2021 1:25,189,92.13,0.2,19,16,2
11/5/2021 1:35,11/5/2021 1:32,11/5/2021 1:35,186.5,90.91,0.2,20,16,2
11/5/2021 1:40,11/5/2021 1:37,11/5/2021 1:40,203.1,198.02,0.2,19,16,2
11/5/2021 1:45,11/5/2021 1:43,11/5/2021 1:45,184.8,90.09,0.2,20,17,2
11/5/2021 1:50,11/5/2021 1:48,11/5/2021 1:50,186,90.67,0.2,19,17,2
11/5/2021 1:55,11/5/2021 1:54,11/5/2021 1:55,188.3,91.79,0.2,20,16,2
11/5/2021 2:05,11/5/2021 2:04,11/5/2021 2:05,187.2,91.25,0.2,19,17,2
11/5/2021 2:10,11/5/2021 2:10,11/5/2021 2:10,220.5,257.98,0.2,19,17,2
11/5/2021 2:15,11/5/2021 2:15,11/5/2021 2:15,202.5,197.43,0.3,20,17,2
11/5/2021 2:20,11/5/2021 2:20,11/5/2021 2:20,186.7,91.01,0.3,20,16,2
11/5/2021 2:25,11/5/2021 2:26,11/5/2021 2:25,180.8,0,0.3,19,17,2
11/5/2021 2:30,11/5/2021 2:31,11/5/2021 2:30,189,128.99,0.3,19,16,2
11/5/2021 2:35,11/5/2021 2:37,11/5/2021 2:35,188.6,91.94,0.3,19,16,2
11/5/2021 2:40,11/5/2021 2:42,11/5/2021 2:40,186.3,90.82,0.3,19,16,2
11/5/2021 2:50,11/5/2021 2:47,11/5/2021 2:50,193.6,132.13,0.3,20,16,2
11/5/2021 2:55,11/5/2021 2:53,11/5/2021 2:55,196.3,191.39,0.3,19,15,2
11/5/2021 3:00,11/5/2021 2:58,11/5/2021 3:00,188.8,92.04,0.3,20,16,2
11/5/2021 3:05,11/5/2021 3:03,11/5/2021 3:05,193.3,131.92,0.3,17,15,2
11/5/2021 3:10,11/5/2021 3:09,11/5/2021 3:10,201.1,196.07,0.3,19,15,2
11/5/2021 3:15,11/5/2021 3:14,11/5/2021 3:15,199.5,194.51,0.4,19,15,2
11/5/2021 3:30,11/5/2021 3:31,11/5/2021 3:30,229.6,335.78,0.4,19,17,2
11/5/2021 3:35,11/5/2021 3:36,11/5/2021 3:35,183.2,35.72,0.4,19,16,2
11/5/2021 3:40,11/5/2021 3:41,11/5/2021 3:40,186.2,90.77,0.4,19,16,2
11/5/2021 3:45,11/5/2021 3:47,11/5/2021 3:45,197.6,192.66,0.4,19,16,2
11/5/2021 4:00,11/5/2021 3:57,11/5/2021 4:00,182.1,0,0.4,17,15,2
11/5/2021 4:10,11/5/2021 4:08,11/5/2021 4:10,194.6,132.81,0.4,19,16,2
11/5/2021 4:15,11/5/2021 4:13,11/5/2021 4:15,186.3,36.32,0.4,19,15,2
11/5/2021 4:20,11/5/2021 4:19,11/5/2021 4:20,183.1,35.7,0.5,19,16,2
11/5/2021 4:30,11/5/2021 4:29,11/5/2021 4:30,185.6,0,0.5,19,15,2
11/5/2021 4:35,11/5/2021 4:35,11/5/2021 4:35,172.7,0,0.5,17,15,2
11/5/2021 4:55,11/5/2021 4:56,11/5/2021 4:55,182.7,0,0.5,17,14,2
11/5/2021 5:00,11/5/2021 5:01,11/5/2021 5:00,178.8,0,0.5,16,13,2
11/5/2021 5:20,11/5/2021 5:17,11/5/2021 5:20,173.5,0,0.5,16,13,2
11/5/2021 5:30,11/5/2021 5:28,11/5/2021 5:30,187.5,109.68,0.5,16,13,2
11/5/2021 5:35,11/5/2021 5:33,11/5/2021 5:35,193.1,131.79,0.5,16,13,2
11/5/2021 5:45,11/5/2021 5:44,11/5/2021 5:45,186.8,91.06,0.5,17,15,2
11/5/2021 5:55,11/5/2021 5:55,11/5/2021 5:55,186.8,91.06,0.5,20,16,2
11/5/2021 6:15,11/5/2021 6:16,11/5/2021 6:15,180.7,0,0.6,20,17,2
11/5/2021 6:35,11/5/2021 6:32,11/5/2021 6:35,203.2,198.11,0.6,17,15,2
11/5/2021 7:05,11/5/2021 7:04,11/5/2021 7:05,180.3,0,0.6,16,16,2
11/5/2021 7:35,11/5/2021 7:36,11/5/2021 7:35,163.5,0,0.7,16,16,2
11/5/2021 7:40,11/5/2021 7:42,11/5/2021 7:40,186.6,109.16,0.7,12,12,2
11/5/2021 8:05,11/5/2021 8:03,11/5/2021 8:05,191,130.35,0.7,14,14,2
11/5/2021 8:35,11/5/2021 8:35,11/5/2021 8:35,197.8,192.85,0.8,17,17,2
11/5/2021 8:55,11/5/2021 8:57,11/5/2021 8:55,178.3,0,0.8,17,14,2
11/5/2021 9:15,11/5/2021 9:13,11/5/2021 9:15,149.5,0,0.8,16,13,2
11/5/2021 9:25,11/5/2021 9:23,11/5/2021 9:25,196.5,191.58,0.9,19,19,2
11/5/2021 9:35,11/5/2021 9:34,11/5/2021 9:35,234.6,343.1,0.9,24,24,2
11/5/2021 9:45,11/5/2021 9:45,11/5/2021 9:45,208.8,244.29,0.9,22,18,2
11/5/2021 9:50,11/5/2021 9:50,11/5/2021 9:50,205.2,200.07,0.9,24,19,2
11/5/2021 9:55,11/5/2021 9:56,11/5/2021 9:55,210.8,246.63,1,19,16,2
11/5/2021 10:00,11/5/2021 10:01,11/5/2021 10:00,186.8,91.06,1,22,15,2
11/5/2021 10:05,11/5/2021 10:06,11/5/2021 10:05,247.7,483.01,1,20,16,2
11/5/2021 10:10,11/5/2021 10:12,11/5/2021 10:10,187.2,91.25,1,24,19,2
11/5/2021 10:15,11/5/2021 10:17,11/5/2021 10:15,200.6,195.58,1,25,19,2
11/5/2021 10:25,11/5/2021 10:22,11/5/2021 10:25,258.2,553.83,1.1,24,20,2
11/5/2021 10:30,11/5/2021 10:28,11/5/2021 10:30,242.8,426.11,1.1,28,22,2
11/5/2021 10:35,11/5/2021 10:33,11/5/2021 10:35,217,253.88,1.1,27,22,2
11/5/2021 10:40,11/5/2021 10:38,11/5/2021 10:40,232.2,339.59,1.1,24,18,2
11/5/2021 10:45,11/5/2021 10:44,11/5/2021 10:45,166.5,0,1.2,27,21,2
11/5/2021 10:50,11/5/2021 10:49,11/5/2021 10:50,186.2,90.77,1.2,24,17,2
11/5/2021 10:55,11/5/2021 10:54,11/5/2021 10:55,185.7,90.52,1.2,22,19,2
11/5/2021 11:00,11/5/2021 11:00,11/5/2021 11:00,217,253.88,1.2,25,21,2
11/5/2021 11:05,11/5/2021 11:05,11/5/2021 11:05,200.5,195.48,1.2,25,20,2
11/5/2021 11:10,11/5/2021 11:10,11/5/2021 11:10,223.5,326.86,1.3,27,22,2
11/5/2021 11:15,11/5/2021 11:16,11/5/2021 11:15,245.5,478.72,1.3,30,26,2
11/5/2021 11:20,11/5/2021 11:21,11/5/2021 11:20,200.3,156.23,1.4,27,21,2
11/5/2021 11:25,11/5/2021 11:26,11/5/2021 11:25,181,0,1.4,35,24,2
11/5/2021 11:30,11/5/2021 11:32,11/5/2021 11:30,245.5,478.72,1.4,35,28,2
11/5/2021 11:40,11/5/2021 11:37,11/5/2021 11:40,210.2,245.93,1.5,36,27,2
11/5/2021 11:45,11/5/2021 11:43,11/5/2021 11:45,287.2,896.06,1.5,32,24,2
11/5/2021 11:50,11/5/2021 11:48,11/5/2021 11:50,236.6,369.09,1.6,43,29,2
11/5/2021 11:55,11/5/2021 11:54,11/5/2021 11:55,280.3,819.87,1.6,40,35,2
11/5/2021 12:00,11/5/2021 11:59,11/5/2021 12:00,327.6,1501.22,1.7,32,23,2
11/5/2021 12:05,11/5/2021 12:04,11/5/2021 12:05,294.8,1006,1.7,33,24,2
11/5/2021 12:10,11/5/2021 12:10,11/5/2021 12:10,239.1,419.62,1.8,36,26,2
11/5/2021 12:15,11/5/2021 12:15,11/5/2021 12:15,196.7,134.24,1.8,30,23,2
11/5/2021 12:20,11/5/2021 12:21,11/5/2021 12:20,226.2,330.81,1.8,30,26,2
11/5/2021 12:25,11/5/2021 12:26,11/5/2021 12:25,226.6,331.4,1.9,36,27,2
11/5/2021 12:30,11/5/2021 12:32,11/5/2021 12:30,251.1,489.64,2,35,28,2
11/5/2021 12:35,11/5/2021 12:37,11/5/2021 12:35,321,1408.38,2.1,41,33,2
11/5/2021 12:45,11/5/2021 12:42,11/5/2021 12:45,255.5,548.04,2.1,38,26,2
11/5/2021 12:50,11/5/2021 12:48,11/5/2021 12:50,207.2,222.22,2.2,35,27,2
11/5/2021 12:55,11/5/2021 12:53,11/5/2021 12:55,202.3,197.24,2.2,40,33,2
11/5/2021 13:00,11/5/2021 12:58,11/5/2021 13:00,331.5,1616.06,2.3,40,33,2
11/5/2021 13:05,11/5/2021 13:04,11/5/2021 13:05,328.7,1602.41,2.4,41,31,2
11/5/2021 13:10,11/5/2021 13:09,11/5/2021 13:10,223.1,326.28,2.5,33,25,2
11/5/2021 13:15,11/5/2021 13:15,11/5/2021 13:15,245.7,479.11,2.5,38,23,2
11/5/2021 13:20,11/5/2021 13:20,11/5/2021 13:20,182.8,0,2.6,32,21,2
11/5/2021 13:25,11/5/2021 13:25,11/5/2021 13:25,209.5,245.11,2.6,40,30,2
11/5/2021 13:30,11/5/2021 13:31,11/5/2021 13:30,207,201.82,2.7,43,30,2
11/5/2021 13:35,11/5/2021 13:36,11/5/2021 13:35,345.8,1921.78,2.7,40,30,2
11/5/2021 13:40,11/5/2021 13:41,11/5/2021 13:40,242.1,401.28,2.8,30,26,2
11/5/2021 13:45,11/5/2021 13:47,11/5/2021 13:45,276.8,809.64,2.8,33,24,2
11/5/2021 13:55,11/5/2021 13:52,11/5/2021 13:55,228.2,333.74,2.9,35,31,2
11/5/2021 14:00,11/5/2021 13:58,11/5/2021 14:00,342,1833.97,3,44,38,2
11/5/2021 14:05,11/5/2021 14:03,11/5/2021 14:05,304.3,1186.77,3.1,40,34,2
11/5/2021 14:10,11/5/2021 14:08,11/5/2021 14:10,220.1,257.51,3.2,43,36,2
11/5/2021 14:15,11/5/2021 14:14,11/5/2021 14:15,371.7,2536.85,3.3,41,32,2
11/5/2021 14:20,11/5/2021 14:19,11/5/2021 14:20,209.6,224.79,3.4,44,38,2
11/5/2021 14:25,11/5/2021 14:25,11/5/2021 14:25,206.3,201.14,3.5,41,40,2
11/5/2021 14:30,11/5/2021 14:30,11/5/2021 14:30,327.3,1595.58,3.5,40,30,2
11/5/2021 14:35,11/5/2021 14:35,11/5/2021 14:35,283.1,855.66,3.6,40,28,2
11/5/2021 14:40,11/5/2021 14:41,11/5/2021 14:40,211.8,247.8,3.7,38,27,2
11/5/2021 14:45,11/5/2021 14:46,11/5/2021 14:45,262,587.53,3.7,44,34,2
11/5/2021 14:50,11/5/2021 14:51,11/5/2021 14:50,248.5,484.57,3.8,40,31,2
11/5/2021 14:55,11/5/2021 14:57,11/5/2021 14:55,241.8,424.35,3.9,43,34,2
11/5/2021 15:05,11/5/2021 15:02,11/5/2021 15:05,206.1,200.94,3.9,44,29,2
11/5/2021 15:10,11/5/2021 15:08,11/5/2021 15:10,321.3,1409.7,4,35,30,2
11/5/2021 15:15,11/5/2021 15:13,11/5/2021 15:15,205.6,200.45,4.1,35,27,2
11/5/2021 15:20,11/5/2021 15:18,11/5/2021 15:20,233,340.76,4.1,41,29,2
11/5/2021 15:25,11/5/2021 15:24,11/5/2021 15:25,290.7,906.98,4.2,35,28,2
11/5/2021 15:30,11/5/2021 15:29,11/5/2021 15:30,255.6,548.26,4.2,43,31,2
11/5/2021 15:35,11/5/2021 15:34,11/5/2021 15:35,308.8,1354.86,4.3,41,25,2
11/5/2021 15:40,11/5/2021 15:40,11/5/2021 15:40,272.6,691.04,4.3,36,30,2
11/5/2021 15:45,11/5/2021 15:45,11/5/2021 15:45,255.6,548.26,4.4,35,26,2
11/5/2021 15:50,11/5/2021 15:51,11/5/2021 15:50,223.8,261.84,4.4,30,25,2
11/5/2021 15:55,11/5/2021 15:56,11/5/2021 15:55,205.2,200.07,4.5,35,23,2
11/5/2021 16:05,11/5/2021 16:07,11/5/2021 16:05,278.8,815.49,4.6,36,28,2
11/5/2021 16:15,11/5/2021 16:12,11/5/2021 16:15,188.7,91.99,4.6,35,24,2
11/5/2021 16:20,11/5/2021 16:17,11/5/2021 16:20,221.3,258.92,4.6,30,23,2
11/5/2021 16:25,11/5/2021 16:23,11/5/2021 16:25,202.6,197.53,4.7,27,20,2
11/5/2021 16:30,11/5/2021 16:28,11/5/2021 16:30,243,473.84,4.7,35,25,2
11/5/2021 16:35,11/5/2021 16:34,11/5/2021 16:35,231.6,338.71,4.7,33,25,2
11/5/2021 16:40,11/5/2021 16:39,11/5/2021 16:40,244.1,475.99,4.8,32,23,2
11/5/2021 16:45,11/5/2021 16:44,11/5/2021 16:45,244.3,476.38,4.8,32,26,2
11/5/2021 16:50,11/5/2021 16:50,11/5/2021 16:50,173.5,0,4.8,33,25,2
11/5/2021 16:55,11/5/2021 16:55,11/5/2021 16:55,208.8,244.29,4.9,25,21,2
11/5/2021 17:00,11/5/2021 17:00,11/5/2021 17:00,188.1,128.37,4.9,27,19,2
11/5/2021 17:05,11/5/2021 17:06,11/5/2021 17:05,227,331.98,4.9,28,22,2
11/5/2021 17:10,11/5/2021 17:11,11/5/2021 17:10,221.1,258.68,4.9,33,18,2
11/5/2021 17:15,11/5/2021 17:17,11/5/2021 17:15,188.7,36.79,4.9,25,17,2
11/5/2021 17:25,11/5/2021 17:22,11/5/2021 17:25,182.3,35.54,4.9,22,18,2
11/5/2021 17:30,11/5/2021 17:27,11/5/2021 17:30,200.2,195.19,4.9,25,20,2
11/5/2021 17:35,11/5/2021 17:33,11/5/2021 17:35,186,108.8,5,20,17,2
11/5/2021 17:40,11/5/2021 17:38,11/5/2021 17:40,182.2,17.76,5,22,18,2
11/5/2021 17:45,11/5/2021 17:44,11/5/2021 17:45,245.2,478.14,5,22,17,2
11/5/2021 17:50,11/5/2021 17:49,11/5/2021 17:50,186.1,127.01,5,19,17,2
11/5/2021 17:55,11/5/2021 17:54,11/5/2021 17:55,195.3,190.41,5,24,17,2
11/5/2021 18:00,11/5/2021 18:00,11/5/2021 18:00,157.1,0,5,20,17,2
11/5/2021 18:10,11/5/2021 18:10,11/5/2021 18:10,184.6,89.99,5,22,22,2
11/5/2021 18:15,11/5/2021 18:16,11/5/2021 18:15,187.8,128.17,5,20,19,2
11/5/2021 18:20,11/5/2021 18:21,11/5/2021 18:20,165.7,0,5,19,15,2
11/5/2021 18:25,11/5/2021 18:27,11/5/2021 18:25,180.8,35.25,5,19,17,2
11/5/2021 18:30,11/5/2021 18:32,11/5/2021 18:30,182,0,5.1,25,18,2
11/5/2021 18:50,11/5/2021 18:48,11/5/2021 18:50,136.8,0,5.1,19,19,2
11/5/2021 18:55,11/5/2021 18:53,11/5/2021 18:55,156.3,0,5.1,17,15,2
11/5/2021 19:00,11/5/2021 18:59,11/5/2021 19:00,188.6,128.71,5.1,20,16,2
11/5/2021 19:05,11/5/2021 19:04,11/5/2021 19:05,171.5,0,5.1,24,17,2
11/5/2021 19:10,11/5/2021 19:10,11/5/2021 19:10,178.8,0,5.1,17,13,2
11/5/2021 19:15,11/5/2021 19:15,11/5/2021 19:15,189.3,110.74,5.1,14,14,2
11/5/2021 20:05,11/5/2021 20:03,11/5/2021 20:05,186.7,91.01,5.1,16,16,2
11/5/2021 20:10,11/5/2021 20:09,11/5/2021 20:10,223.8,261.84,5.1,14,14,2
11/5/2021 20:15,11/5/2021 20:14,11/5/2021 20:15,180.7,0,5.1,19,16,2
11/5/2021 20:20,11/5/2021 20:19,11/5/2021 20:20,161.5,0,5.1,19,16,2
11/5/2021 20:25,11/5/2021 20:25,11/5/2021 20:25,172.1,0,5.1,17,17,2
11/5/2021 21:00,11/5/2021 20:57,11/5/2021 21:00,210.1,245.81,5.2,17,17,2
11/5/2021 21:05,11/5/2021 21:07,11/5/2021 21:05,206.3,201.14,5.2,28,26,2
11/5/2021 21:10,11/5/2021 21:12,11/5/2021 21:10,188.6,91.94,5.2,22,22,2
11/5/2021 21:40,11/5/2021 21:39,11/5/2021 21:40,231.8,339,5.3,17,17,2
11/5/2021 22:50,11/5/2021 22:48,11/5/2021 22:50,244.5,476.77,5.6,22,22,2
11/5/2021 22:55,11/5/2021 22:54,11/5/2021 22:55,234.5,342.95,5.6,28,28,2
11/5/2021 23:00,11/5/2021 22:59,11/5/2021 23:00,241.2,399.78,5.7,28,22,2
11/5/2021 23:05,11/5/2021 23:04,11/5/2021 23:05,232.7,340.32,5.7,28,22,2
11/5/2021 23:10,11/5/2021 23:10,11/5/2021 23:10,201.8,196.75,5.7,25,19,2
11/5/2021 23:15,11/5/2021 23:15,11/5/2021 23:15,170.6,0,5.7,24,18,2
11/5/2021 23:20,11/5/2021 23:21,11/5/2021 23:20,175.7,0,5.7,28,19,2
11/5/2021 23:25,11/5/2021 23:26,11/5/2021 23:25,220.2,257.63,5.8,27,21,2
11/5/2021 23:30,11/5/2021 23:31,11/5/2021 23:30,220.1,257.51,5.8,27,20,2
11/5/2021 23:35,11/5/2021 23:37,11/5/2021 23:35,236.5,391.99,5.8,25,20,2
11/5/2021 23:40,11/5/2021 23:42,11/5/2021 23:40,270.2,711.3,5.8,28,22,2
11/5/2021 23:50,11/5/2021 23:47,11/5/2021 23:50,191.2,130.49,5.8,30,23,2
11/5/2021 23:55,11/5/2021 23:53,11/5/2021 23:55,188.2,91.74,5.8,27,22,2
11/6/2021 0:00,11/5/2021 23:58,11/6/2021 0:00,230.3,336.81,5.8,27,22,2
11/6/2021 0:05,11/6/2021 0:03,11/6/2021 0:05,199.8,194.8,0.1,28,22,2
11/6/2021 0:10,11/6/2021 0:09,11/6/2021 0:10,189.2,129.12,0.1,30,25,2
11/6/2021 0:15,11/6/2021 0:14,11/6/2021 0:15,221.2,280.37,0.2,25,22,2
11/6/2021 0:20,11/6/2021 0:19,11/6/2021 0:20,225.2,329.35,0.2,33,24,2
11/6/2021 0:25,11/6/2021 0:25,11/6/2021 0:25,240.3,421.72,0.2,25,21,2
11/6/2021 0:30,11/6/2021 0:30,11/6/2021 0:30,186.3,36.32,0.2,24,20,2
11/6/2021 0:35,11/6/2021 0:36,11/6/2021 0:35,205.2,200.07,0.3,24,19,2
11/6/2021 0:40,11/6/2021 0:41,11/6/2021 0:40,188.8,128.85,0.3,28,20,2
11/6/2021 0:45,11/6/2021 0:46,11/6/2021 0:45,255.1,547.18,0.3,28,21,2
11/6/2021 0:50,11/6/2021 0:52,11/6/2021 0:50,223.1,326.28,0.3,25,18,2
11/6/2021 1:00,11/6/2021 0:57,11/6/2021 1:00,169.6,0,0.3,24,18,2
11/6/2021 1:05,11/6/2021 1:02,11/6/2021 1:05,187.7,91.5,0.3,22,18,2
11/6/2021 1:10,11/6/2021 1:08,11/6/2021 1:10,181,0,0.3,28,19,2
11/6/2021 1:15,11/6/2021 1:13,11/6/2021 1:15,189,36.85,0.4,30,23,2
11/6/2021 1:20,11/6/2021 1:18,11/6/2021 1:20,191.6,130.76,0.4,25,21,2
11/6/2021 1:25,11/6/2021 1:24,11/6/2021 1:25,186.7,91.01,0.4,33,25,2
11/6/2021 1:30,11/6/2021 1:29,11/6/2021 1:30,288.3,899.49,0.4,32,25,2
11/6/2021 1:35,11/6/2021 1:34,11/6/2021 1:35,219.7,257.04,0.5,33,26,2
11/6/2021 1:40,11/6/2021 1:40,11/6/2021 1:40,265.1,646.18,0.5,27,20,2
11/6/2021 1:45,11/6/2021 1:45,11/6/2021 1:45,245.8,479.31,0.5,22,17,2
11/6/2021 1:50,11/6/2021 1:51,11/6/2021 1:50,183.3,35.74,0.5,22,16,2
11/6/2021 1:55,11/6/2021 1:56,11/6/2021 1:55,209.5,245.11,0.5,20,16,2
11/6/2021 2:00,11/6/2021 2:01,11/6/2021 2:00,193.8,188.95,0.6,22,20,2
11/6/2021 2:05,11/6/2021 2:07,11/6/2021 2:05,200,195,0.6,24,18,2
11/6/2021 2:10,11/6/2021 2:12,11/6/2021 2:10,181.1,0,0.6,22,18,2
11/6/2021 2:20,11/6/2021 2:17,11/6/2021 2:20,194.1,132.47,0.6,25,21,2
11/6/2021 2:25,11/6/2021 2:23,11/6/2021 2:25,186.1,90.72,0.6,28,21,2
11/6/2021 2:30,11/6/2021 2:28,11/6/2021 2:30,193.3,188.46,0.6,25,21,2
11/6/2021 2:35,11/6/2021 2:33,11/6/2021 2:35,222.3,260.09,0.7,27,24,2
11/6/2021 2:40,11/6/2021 2:39,11/6/2021 2:40,180.8,35.25,0.7,25,22,2
11/6/2021 2:45,11/6/2021 2:44,11/6/2021 2:45,207.1,201.92,0.7,24,20,2
11/6/2021 2:50,11/6/2021 2:50,11/6/2021 2:50,229.1,335.05,0.7,24,20,2
11/6/2021 2:55,11/6/2021 2:55,11/6/2021 2:55,190.7,130.15,0.8,25,21,2
11/6/2021 3:00,11/6/2021 3:00,11/6/2021 3:00,224.3,328.03,0.8,20,19,2
11/6/2021 3:05,11/6/2021 3:06,11/6/2021 3:05,261,636.18,0.8,25,22,2
11/6/2021 3:10,11/6/2021 3:11,11/6/2021 3:10,257.2,551.69,0.8,22,22,2
11/6/2021 3:15,11/6/2021 3:16,11/6/2021 3:15,187.2,91.25,0.9,30,22,2
11/6/2021 3:20,11/6/2021 3:22,11/6/2021 3:20,183.6,35.8,0.9,24,22,2
11/6/2021 3:30,11/6/2021 3:27,11/6/2021 3:30,196.2,191.29,0.9,24,24,2
11/6/2021 3:35,11/6/2021 3:32,11/6/2021 3:35,265.7,647.64,0.9,25,23,2
11/6/2021 3:40,11/6/2021 3:38,11/6/2021 3:40,256,549.12,1,30,23,2
11/6/2021 3:45,11/6/2021 3:43,11/6/2021 3:45,259.2,581.25,1,32,26,2
11/6/2021 3:50,11/6/2021 3:48,11/6/2021 3:50,204.7,159.66,1,30,24,2
11/6/2021 3:55,11/6/2021 3:54,11/6/2021 3:55,288.7,900.74,1.1,28,24,2
11/6/2021 4:00,11/6/2021 3:59,11/6/2021 4:00,204.8,199.68,1.1,30,24,2
11/6/2021 4:05,11/6/2021 4:04,11/6/2021 4:05,199,194.02,1.1,30,24,2
11/6/2021 4:10,11/6/2021 4:10,11/6/2021 4:10,233.1,363.63,1.2,30,25,2
11/6/2021 4:15,11/6/2021 4:15,11/6/2021 4:15,245,477.75,1.2,28,25,2
11/6/2021 4:20,11/6/2021 4:21,11/6/2021 4:20,268.8,655.19,1.2,30,26,2
11/6/2021 4:25,11/6/2021 4:26,11/6/2021 4:25,254,544.83,1.3,33,27,2
11/6/2021 4:30,11/6/2021 4:31,11/6/2021 4:30,251.1,514.12,1.4,32,26,2
11/6/2021 4:35,11/6/2021 4:37,11/6/2021 4:35,283.6,829.53,1.4,33,26,2
11/6/2021 4:45,11/6/2021 4:42,11/6/2021 4:45,210.7,246.51,1.4,30,26,2
11/6/2021 4:50,11/6/2021 4:47,11/6/2021 4:50,203.7,198.6,1.5,32,25,2
11/6/2021 4:55,11/6/2021 4:53,11/6/2021 4:55,270.3,711.56,1.5,32,25,2
11/6/2021 5:00,11/6/2021 4:58,11/6/2021 5:00,236.8,392.49,1.5,28,26,2
11/6/2021 5:05,11/6/2021 5:03,11/6/2021 5:05,265.8,647.88,1.6,32,26,2
11/6/2021 5:10,11/6/2021 5:09,11/6/2021 5:10,242.8,426.11,1.6,25,24,2
11/6/2021 5:15,11/6/2021 5:14,11/6/2021 5:15,183.3,35.74,1.6,30,26,2
11/6/2021 5:20,11/6/2021 5:20,11/6/2021 5:20,245.5,478.72,1.7,32,26,2
11/6/2021 5:25,11/6/2021 5:25,11/6/2021 5:25,296.3,1068.9,1.7,32,26,2
11/6/2021 5:30,11/6/2021 5:31,11/6/2021 5:30,239.5,396.97,1.8,30,26,2
11/6/2021 5:35,11/6/2021 5:36,11/6/2021 5:35,257.6,552.55,1.8,28,24,2
11/6/2021 5:40,11/6/2021 5:42,11/6/2021 5:40,186.6,90.96,1.8,30,26,2
11/6/2021 5:45,11/6/2021 5:47,11/6/2021 5:45,248.2,483.98,1.9,33,28,2
11/6/2021 5:55,11/6/2021 5:52,11/6/2021 5:55,246.7,481.06,1.9,35,29,2
11/6/2021 6:00,11/6/2021 5:58,11/6/2021 6:00,270.1,711.03,2,35,27,2
11/6/2021 6:05,11/6/2021 6:03,11/6/2021 6:05,242.1,401.28,2,33,30,2
11/6/2021 6:10,11/6/2021 6:08,11/6/2021 6:10,264.6,644.96,2.1,33,29,2
11/6/2021 6:15,11/6/2021 6:14,11/6/2021 6:15,255.7,548.47,2.2,32,27,2
11/6/2021 6:20,11/6/2021 6:19,11/6/2021 6:20,218.8,255.99,2.2,33,27,2
11/6/2021 6:25,11/6/2021 6:24,11/6/2021 6:25,206.1,221.04,2.2,32,25,2
11/6/2021 6:30,11/6/2021 6:30,11/6/2021 6:30,185.3,90.33,2.3,28,24,2
11/6/2021 6:35,11/6/2021 6:35,11/6/2021 6:35,272.3,716.82,2.3,32,25,2
11/6/2021 6:40,11/6/2021 6:40,11/6/2021 6:40,186.3,90.82,2.3,30,26,2
11/6/2021 6:45,11/6/2021 6:46,11/6/2021 6:45,264.7,645.2,2.4,32,28,2
11/6/2021 6:50,11/6/2021 6:51,11/6/2021 6:50,297.6,1015.56,2.4,35,29,2
11/6/2021 6:55,11/6/2021 6:56,11/6/2021 6:55,254,544.83,2.5,32,27,2
11/6/2021 7:00,11/6/2021 7:02,11/6/2021 7:00,232.8,340.47,2.6,28,28,2
11/6/2021 7:15,11/6/2021 7:13,11/6/2021 7:15,274.5,722.62,2.7,25,25,2
11/6/2021 7:20,11/6/2021 7:18,11/6/2021 7:20,222.6,260.44,2.8,33,30,2
11/6/2021 7:25,11/6/2021 7:23,11/6/2021 7:25,236.3,391.66,2.8,30,28,2
11/6/2021 7:30,11/6/2021 7:29,11/6/2021 7:30,186.6,36.38,2.9,30,28,2
11/6/2021 7:35,11/6/2021 7:34,11/6/2021 7:35,245,477.75,2.9,35,30,2
11/6/2021 7:40,11/6/2021 7:39,11/6/2021 7:40,211.6,226.94,3,32,28,2
11/6/2021 7:45,11/6/2021 7:45,11/6/2021 7:45,297.7,1073.95,3,33,26,2
11/6/2021 7:50,11/6/2021 7:50,11/6/2021 7:50,307.2,1198.08,3.1,33,28,2
11/6/2021 7:55,11/6/2021 7:55,11/6/2021 7:55,248.1,483.79,3.2,28,25,2
11/6/2021 8:00,11/6/2021 8:01,11/6/2021 8:00,191.5,130.69,3.2,28,22,2
11/6/2021 8:05,11/6/2021 8:06,11/6/2021 8:05,223.5,261.49,3.2,25,23,2
11/6/2021 8:10,11/6/2021 8:11,11/6/2021 8:10,228.6,334.32,3.3,30,25,2
11/6/2021 8:15,11/6/2021 8:17,11/6/2021 8:15,233.7,387.35,3.3,35,26,2
11/6/2021 8:25,11/6/2021 8:22,11/6/2021 8:25,236.1,391.33,3.3,32,26,2
11/6/2021 8:30,11/6/2021 8:28,11/6/2021 8:30,220.1,257.51,3.4,32,27,2
11/6/2021 8:40,11/6/2021 8:38,11/6/2021 8:40,289.3,846.2,3.5,24,24,2
11/6/2021 8:45,11/6/2021 8:44,11/6/2021 8:45,201.5,137.52,3.5,28,24,2
11/6/2021 8:50,11/6/2021 8:49,11/6/2021 8:50,189.8,129.53,3.5,25,23,2
11/6/2021 9:10,11/6/2021 9:10,11/6/2021 9:10,184.8,90.09,3.7,25,25,2
11/6/2021 9:15,11/6/2021 9:16,11/6/2021 9:15,241,399.45,3.7,30,26,2
11/6/2021 9:20,11/6/2021 9:21,11/6/2021 9:20,185.2,36.11,3.7,28,23,2
11/6/2021 9:25,11/6/2021 9:27,11/6/2021 9:25,264.7,645.2,3.8,27,23,2
11/6/2021 9:30,11/6/2021 9:32,11/6/2021 9:30,181.1,35.31,3.8,27,21,2
11/6/2021 9:40,11/6/2021 9:37,11/6/2021 9:40,211,205.72,3.8,30,22,2
11/6/2021 9:45,11/6/2021 9:43,11/6/2021 9:45,207.7,202.5,3.9,32,28,2
11/6/2021 9:50,11/6/2021 9:48,11/6/2021 9:50,275.2,751.29,3.9,33,33,2
11/6/2021 9:55,11/6/2021 9:53,11/6/2021 9:55,239.6,420.49,4,28,22,2
11/6/2021 10:00,11/6/2021 9:59,11/6/2021 10:00,226.2,330.81,4,30,23,2
11/6/2021 10:05,11/6/2021 10:04,11/6/2021 10:05,240,397.8,4.1,25,22,2
11/6/2021 10:10,11/6/2021 10:09,11/6/2021 10:10,196.8,191.88,4.1,30,24,2
11/6/2021 10:15,11/6/2021 10:15,11/6/2021 10:15,221.2,258.8,4.1,28,25,2
11/6/2021 10:20,11/6/2021 10:20,11/6/2021 10:20,218.8,255.99,4.2,27,21,2
11/6/2021 10:25,11/6/2021 10:25,11/6/2021 10:25,181,0,4.2,27,20,2
11/6/2021 10:30,11/6/2021 10:31,11/6/2021 10:30,217.2,254.12,4.2,25,19,2
11/6/2021 10:35,11/6/2021 10:36,11/6/2021 10:35,231.5,338.56,4.3,30,25,2
11/6/2021 10:40,11/6/2021 10:41,11/6/2021 10:40,262.1,638.86,4.3,28,24,2
11/6/2021 10:45,11/6/2021 10:47,11/6/2021 10:45,230.3,336.81,4.3,25,20,2
11/6/2021 10:55,11/6/2021 10:52,11/6/2021 10:55,309.6,1207.44,4.4,28,22,2
11/6/2021 11:00,11/6/2021 10:58,11/6/2021 11:00,313.8,1285.01,4.4,32,25,2
11/6/2021 11:05,11/6/2021 11:03,11/6/2021 11:05,252,540.54,4.5,27,21,2
11/6/2021 11:10,11/6/2021 11:08,11/6/2021 11:10,215.1,251.66,4.5,30,22,2
11/6/2021 11:15,11/6/2021 11:14,11/6/2021 11:15,246.8,481.26,4.5,30,22,2
11/6/2021 11:20,11/6/2021 11:19,11/6/2021 11:20,192.8,150.38,4.6,25,21,2
11/6/2021 11:25,11/6/2021 11:24,11/6/2021 11:25,220.8,258.33,4.6,30,21,2
11/6/2021 11:30,11/6/2021 11:30,11/6/2021 11:30,200.8,195.78,4.6,25,19,2
11/6/2021 11:35,11/6/2021 11:35,11/6/2021 11:35,225.2,329.35,4.6,33,27,2
11/6/2021 11:40,11/6/2021 11:40,11/6/2021 11:40,300.1,1082.61,4.7,32,26,2
11/6/2021 11:45,11/6/2021 11:46,11/6/2021 11:45,226.1,330.67,4.8,30,22,2
11/6/2021 11:50,11/6/2021 11:51,11/6/2021 11:50,246,479.7,4.8,30,25,2
11/6/2021 11:55,11/6/2021 11:56,11/6/2021 11:55,227.7,333.01,4.9,27,22,2
11/6/2021 12:00,11/6/2021 12:02,11/6/2021 12:00,207.1,222.11,4.9,33,23,2
11/6/2021 12:10,11/6/2021 12:07,11/6/2021 12:10,186.5,36.36,4.9,33,27,2
11/6/2021 12:15,11/6/2021 12:13,11/6/2021 12:15,307.3,1198.47,5,30,26,2
11/6/2021 12:20,11/6/2021 12:18,11/6/2021 12:20,281.8,824.26,5.1,35,28,2
11/6/2021 12:25,11/6/2021 12:23,11/6/2021 12:25,291.1,993.37,5.1,32,24,2
11/6/2021 12:30,11/6/2021 12:29,11/6/2021 12:30,201.5,196.46,5.2,35,31,2
11/6/2021 12:35,11/6/2021 12:34,11/6/2021 12:35,223.2,261.14,5.3,30,25,2
11/6/2021 12:40,11/6/2021 12:39,11/6/2021 12:40,200.8,195.78,5.3,28,23,2
11/6/2021 12:45,11/6/2021 12:45,11/6/2021 12:45,235.3,344.12,5.4,33,28,2
11/6/2021 12:50,11/6/2021 12:50,11/6/2021 12:50,317.7,1393.9,5.5,33,30,2
11/6/2021 12:55,11/6/2021 12:55,11/6/2021 12:55,190.2,148.35,5.5,35,27,2
11/6/2021 13:00,11/6/2021 13:01,11/6/2021 13:00,301,1085.85,5.6,35,28,2
11/6/2021 13:05,11/6/2021 13:06,11/6/2021 13:05,224.6,328.47,5.7,35,25,2
11/6/2021 13:10,11/6/2021 13:11,11/6/2021 13:10,198.2,154.59,5.7,33,29,2
11/6/2021 13:15,11/6/2021 13:17,11/6/2021 13:15,253.8,544.4,5.8,32,26,2
11/6/2021 13:25,11/6/2021 13:22,11/6/2021 13:25,223.3,326.57,5.9,32,27,2
11/6/2021 13:30,11/6/2021 13:28,11/6/2021 13:30,287.6,841.23,5.9,33,30,2
11/6/2021 13:35,11/6/2021 13:33,11/6/2021 13:35,296,1010.1,6,36,28,2
11/6/2021 13:40,11/6/2021 13:38,11/6/2021 13:40,280.1,819.29,6,35,29,2
11/6/2021 13:45,11/6/2021 13:44,11/6/2021 13:45,187.1,91.21,6.1,30,24,2
11/6/2021 13:50,11/6/2021 13:49,11/6/2021 13:50,199.1,194.12,6.2,28,23,2
11/6/2021 13:55,11/6/2021 13:55,11/6/2021 13:55,182.5,35.58,6.2,36,26,2
11/6/2021 14:00,11/6/2021 14:00,11/6/2021 14:00,252.2,540.96,6.3,28,23,2
11/6/2021 14:05,11/6/2021 14:06,11/6/2021 14:05,264.7,645.2,6.3,35,29,2
11/6/2021 14:10,11/6/2021 14:11,11/6/2021 14:10,289,901.68,6.4,33,27,2
11/6/2021 14:15,11/6/2021 14:16,11/6/2021 14:15,223.8,327.3,6.5,35,29,2
11/6/2021 14:20,11/6/2021 14:22,11/6/2021 14:20,187.8,128.17,6.5,35,29,2
11/6/2021 14:30,11/6/2021 14:27,11/6/2021 14:30,296.5,1011.8,6.6,32,23,2
11/6/2021 14:35,11/6/2021 14:32,11/6/2021 14:35,256.2,549.54,6.6,30,23,2
11/6/2021 14:40,11/6/2021 14:38,11/6/2021 14:40,316.5,1388.64,6.6,33,26,2
11/6/2021 14:45,11/6/2021 14:43,11/6/2021 14:45,301,1085.85,6.7,35,26,2
11/6/2021 14:50,11/6/2021 14:48,11/6/2021 14:50,335.7,1636.53,6.7,35,27,2
11/6/2021 14:55,11/6/2021 14:54,11/6/2021 14:55,256.1,549.33,6.8,35,28,2
11/6/2021 15:00,11/6/2021 14:59,11/6/2021 15:00,233.5,364.26,6.9,38,28,2
11/6/2021 15:05,11/6/2021 15:05,11/6/2021 15:05,304.5,1187.55,7,40,31,2
11/6/2021 15:10,11/6/2021 15:10,11/6/2021 15:10,211.5,247.45,7,25,22,2
11/6/2021 15:15,11/6/2021 15:15,11/6/2021 15:15,200.6,195.58,7.1,27,22,2
11/6/2021 15:20,11/6/2021 15:21,11/6/2021 15:20,280,764.4,7.1,33,26,2
11/6/2021 15:25,11/6/2021 15:26,11/6/2021 15:25,266.7,650.08,7.1,36,28,2
11/6/2021 15:30,11/6/2021 15:31,11/6/2021 15:30,184.3,35.93,7.2,35,28,2
11/6/2021 15:35,11/6/2021 15:37,11/6/2021 15:35,285.6,835.38,7.2,33,26,2
11/6/2021 15:45,11/6/2021 15:42,11/6/2021 15:45,194.8,189.93,7.3,27,22,2
11/6/2021 15:50,11/6/2021 15:47,11/6/2021 15:50,202.2,197.14,7.3,33,28,2
11/6/2021 15:55,11/6/2021 15:53,11/6/2021 15:55,318.6,1397.85,7.3,36,29,2
11/6/2021 16:00,11/6/2021 15:58,11/6/2021 16:00,330.7,1612.16,7.4,38,25,2
11/6/2021 16:05,11/6/2021 16:04,11/6/2021 16:05,313.7,1284.6,7.4,36,27,2
11/6/2021 16:10,11/6/2021 16:09,11/6/2021 16:10,196.7,134.24,7.5,38,29,2
11/6/2021 16:15,11/6/2021 16:14,11/6/2021 16:15,269.6,709.72,7.5,33,28,2
11/6/2021 16:20,11/6/2021 16:20,11/6/2021 16:20,208.8,244.29,7.6,33,28,2
11/6/2021 16:25,11/6/2021 16:25,11/6/2021 16:25,194.7,189.83,7.6,33,25,2
11/6/2021 16:30,11/6/2021 16:30,11/6/2021 16:30,227.1,332.13,7.7,32,27,2
11/6/2021 16:35,11/6/2021 16:36,11/6/2021 16:35,236,391.16,7.7,40,28,2
11/6/2021 16:40,11/6/2021 16:41,11/6/2021 16:40,180,0,7.8,28,21,2
11/6/2021 16:45,11/6/2021 16:47,11/6/2021 16:45,232,339.3,7.8,30,22,2
11/6/2021 16:55,11/6/2021 16:52,11/6/2021 16:55,184.1,89.74,7.8,28,20,2
11/6/2021 17:00,11/6/2021 16:57,11/6/2021 17:00,215,251.54,7.8,28,20,2
11/6/2021 17:05,11/6/2021 17:03,11/6/2021 17:05,187.2,91.25,7.9,24,18,2
11/6/2021 17:10,11/6/2021 17:08,11/6/2021 17:10,182.8,35.64,7.9,30,23,2
11/6/2021 17:15,11/6/2021 17:13,11/6/2021 17:15,201.7,196.65,7.9,28,21,2
11/6/2021 17:20,11/6/2021 17:19,11/6/2021 17:20,183.8,89.6,7.9,27,20,2
11/6/2021 17:25,11/6/2021 17:24,11/6/2021 17:25,263.6,642.52,8,25,20,2
11/6/2021 17:30,11/6/2021 17:30,11/6/2021 17:30,220.7,258.21,8,24,19,2
11/6/2021 17:35,11/6/2021 17:35,11/6/2021 17:35,190,129.67,8,27,21,2
11/6/2021 17:40,11/6/2021 17:40,11/6/2021 17:40,199.3,194.31,8,25,20,2
11/6/2021 17:45,11/6/2021 17:46,11/6/2021 17:45,191.1,130.42,8,22,17,2
11/6/2021 17:50,11/6/2021 17:51,11/6/2021 17:50,186.5,36.36,8,19,16,2
11/6/2021 17:55,11/6/2021 17:56,11/6/2021 17:55,185.5,36.17,8,20,16,2
11/6/2021 18:00,11/6/2021 18:02,11/6/2021 18:00,187.2,91.25,8,20,17,2
11/6/2021 18:10,11/6/2021 18:07,11/6/2021 18:10,185.5,90.43,8,25,20,2
11/6/2021 18:15,11/6/2021 18:12,11/6/2021 18:15,233.2,341.05,8.1,25,21,2
11/6/2021 18:20,11/6/2021 18:18,11/6/2021 18:20,246.1,479.89,8.1,27,22,2
11/6/2021 18:25,11/6/2021 18:23,11/6/2021 18:25,261.6,637.65,8.1,27,22,2
11/6/2021 18:30,11/6/2021 18:29,11/6/2021 18:30,182.5,0,8.1,28,21,2
11/6/2021 18:35,11/6/2021 18:34,11/6/2021 18:35,187.7,36.6,8.1,25,21,2
11/6/2021 18:40,11/6/2021 18:39,11/6/2021 18:40,228.6,334.32,8.2,25,21,2
11/6/2021 18:45,11/6/2021 18:45,11/6/2021 18:45,266.6,649.83,8.2,30,23,2
11/6/2021 18:50,11/6/2021 18:50,11/6/2021 18:50,252.2,491.78,8.2,28,24,2
11/6/2021 18:55,11/6/2021 18:55,11/6/2021 18:55,249.6,486.71,8.3,28,26,2
11/6/2021 19:00,11/6/2021 19:01,11/6/2021 19:00,262.8,640.57,8.3,28,23,2
11/6/2021 19:05,11/6/2021 19:06,11/6/2021 19:05,281.6,823.68,8.3,28,25,2
11/6/2021 19:10,11/6/2021 19:11,11/6/2021 19:10,259,555.55,8.4,36,27,2
11/6/2021 19:15,11/6/2021 19:17,11/6/2021 19:15,200.6,195.58,8.4,33,27,2
11/6/2021 19:25,11/6/2021 19:22,11/6/2021 19:25,294.3,1004.29,8.5,30,26,2
11/6/2021 19:30,11/6/2021 19:28,11/6/2021 19:30,260.1,633.99,8.5,30,24,2
11/6/2021 19:35,11/6/2021 19:33,11/6/2021 19:35,190.1,129.74,8.6,30,25,2
11/6/2021 19:40,11/6/2021 19:38,11/6/2021 19:40,184,35.88,8.6,32,23,2
11/6/2021 19:45,11/6/2021 19:44,11/6/2021 19:45,273.8,720.77,8.6,27,22,2
11/6/2021 19:50,11/6/2021 19:49,11/6/2021 19:50,243.8,475.41,8.7,25,22,2
11/6/2021 19:55,11/6/2021 19:54,11/6/2021 19:55,182.6,0,8.7,25,21,2
11/6/2021 20:00,11/6/2021 20:00,11/6/2021 20:00,244.7,477.16,8.7,28,23,2
11/6/2021 20:05,11/6/2021 20:05,11/6/2021 20:05,234.5,342.95,8.7,27,23,2
11/6/2021 20:10,11/6/2021 20:10,11/6/2021 20:10,202.7,197.63,8.8,30,24,2
11/6/2021 20:15,11/6/2021 20:16,11/6/2021 20:15,185.7,90.52,8.8,25,22,2
11/6/2021 20:20,11/6/2021 20:21,11/6/2021 20:20,238.1,394.65,8.8,25,23,2
11/6/2021 20:25,11/6/2021 20:26,11/6/2021 20:25,186.7,91.01,8.8,27,23,2
11/6/2021 20:30,11/6/2021 20:32,11/6/2021 20:30,184,35.88,8.9,30,24,2
11/6/2021 20:40,11/6/2021 20:37,11/6/2021 20:40,208.6,203.38,8.9,27,21,2
11/6/2021 20:45,11/6/2021 20:43,11/6/2021 20:45,285.6,891.07,8.9,24,21,2
11/6/2021 20:50,11/6/2021 20:48,11/6/2021 20:50,218.3,255.41,8.9,24,20,2
11/6/2021 20:55,11/6/2021 20:53,11/6/2021 20:55,210.3,246.05,9,24,19,2
11/6/2021 21:00,11/6/2021 20:59,11/6/2021 21:00,197.2,192.26,9,28,21,2
11/6/2021 21:05,11/6/2021 21:04,11/6/2021 21:05,211.8,247.8,9,27,22,2
11/6/2021 21:10,11/6/2021 21:09,11/6/2021 21:10,181.3,35.35,9,27,23,2
11/6/2021 21:15,11/6/2021 21:15,11/6/2021 21:15,181,0,9,27,23,2
11/6/2021 21:20,11/6/2021 21:20,11/6/2021 21:20,263.3,641.79,9.1,28,23,2
11/6/2021 21:25,11/6/2021 21:25,11/6/2021 21:25,191.8,130.9,9.1,30,25,2
11/6/2021 21:30,11/6/2021 21:31,11/6/2021 21:30,254,544.83,9.1,30,24,2
11/6/2021 21:35,11/6/2021 21:36,11/6/2021 21:35,188.8,55.22,9.2,28,23,2
11/6/2021 21:40,11/6/2021 21:41,11/6/2021 21:40,252.1,516.17,9.2,30,23,2
11/6/2021 21:45,11/6/2021 21:47,11/6/2021 21:45,182.2,35.52,9.2,25,20,2
11/6/2021 21:55,11/6/2021 21:52,11/6/2021 21:55,197.7,192.75,9.2,25,21,2
11/6/2021 22:00,11/6/2021 21:58,11/6/2021 22:00,185.2,36.11,9.2,27,22,2
11/6/2021 22:05,11/6/2021 22:03,11/6/2021 22:05,186,90.67,9.3,28,22,2
11/6/2021 22:10,11/6/2021 22:08,11/6/2021 22:10,204.2,199.09,9.3,25,22,2
11/6/2021 22:15,11/6/2021 22:14,11/6/2021 22:15,229.5,335.64,9.3,27,21,2
11/6/2021 22:20,11/6/2021 22:19,11/6/2021 22:20,202.6,197.53,9.3,28,23,2
11/6/2021 22:25,11/6/2021 22:24,11/6/2021 22:25,280.5,820.46,9.3,28,20,2
11/6/2021 22:30,11/6/2021 22:30,11/6/2021 22:30,187.1,91.21,9.4,27,21,2
11/6/2021 22:35,11/6/2021 22:35,11/6/2021 22:35,188.5,91.89,9.4,24,21,2
11/6/2021 22:40,11/6/2021 22:40,11/6/2021 22:40,214.8,251.31,9.4,25,21,2
11/6/2021 22:45,11/6/2021 22:46,11/6/2021 22:45,206.7,201.53,9.4,24,20,2
11/6/2021 22:50,11/6/2021 22:51,11/6/2021 22:50,184.3,35.93,9.4,28,23,2
11/6/2021 22:55,11/6/2021 22:56,11/6/2021 22:55,229.6,335.78,9.5,25,22,2
11/6/2021 23:00,11/6/2021 23:02,11/6/2021 23:00,196.7,134.24,9.5,27,21,2
11/6/2021 23:10,11/6/2021 23:07,11/6/2021 23:10,187.8,128.17,9.5,25,20,2
11/6/2021 23:15,11/6/2021 23:13,11/6/2021 23:15,185.6,36.19,9.5,24,19,2
11/6/2021 23:20,11/6/2021 23:18,11/6/2021 23:20,185,54.11,9.5,24,19,2
11/6/2021 23:25,11/6/2021 23:23,11/6/2021 23:25,224.3,328.03,9.5,22,19,2
11/6/2021 23:30,11/6/2021 23:29,11/6/2021 23:30,181,0,9.5,22,18,2
11/6/2021 23:35,11/6/2021 23:34,11/6/2021 23:35,185.2,90.28,9.6,24,19,2
11/6/2021 23:40,11/6/2021 23:39,11/6/2021 23:40,203.1,198.02,9.6,22,18,2
11/6/2021 23:45,11/6/2021 23:45,11/6/2021 23:45,202.8,197.73,9.6,22,18,2
11/6/2021 23:50,11/6/2021 23:50,11/6/2021 23:50,230.7,337.39,9.6,20,17,2
11/6/2021 23:55,11/6/2021 23:55,11/6/2021 23:55,185.1,36.09,9.6,22,19,2
11/7/2021 0:00,11/7/2021 0:01,11/7/2021 0:00,188.6,91.94,0,22,19,2
11/7/2021 0:05,11/7/2021 0:06,11/7/2021 0:05,200.5,195.48,0,22,20,2
11/7/2021 0:10,11/7/2021 0:12,11/7/2021 0:10,201.2,156.93,0,24,20,2
11/7/2021 0:15,11/7/2021 0:17,11/7/2021 0:15,179.1,0,0,24,21,2
11/7/2021 0:25,11/7/2021 0:22,11/7/2021 0:25,184,35.88,0,22,19,2
11/7/2021 0:30,11/7/2021 0:28,11/7/2021 0:30,169,0,0.1,20,18,2
11/7/2021 0:35,11/7/2021 0:33,11/7/2021 0:35,199,155.22,0.1,22,18,2
11/7/2021 0:40,11/7/2021 0:38,11/7/2021 0:40,185.8,90.57,0.1,24,16,2
11/7/2021 0:45,11/7/2021 0:44,11/7/2021 0:45,199.5,155.61,0.1,19,16,2
11/7/2021 0:50,11/7/2021 0:49,11/7/2021 0:50,188.8,128.85,0.1,17,15,2
11/7/2021 0:55,11/7/2021 0:54,11/7/2021 0:55,187.2,109.51,0.1,19,16,2
11/7/2021 1:00,11/7/2021 1:00,11/7/2021 1:00,220.3,257.75,0.1,20,18,2
11/7/2021 1:05,11/7/2021 1:02,11/7/2021 1:05,221.6,259.27,0.1,19,19,2
11/7/2021 1:10,11/7/2021 1:07,11/7/2021 1:10,206.8,201.63,0.1,17,17,2
11/7/2021 1:15,11/7/2021 1:13,11/7/2021 1:15,189.2,129.12,0.2,22,18,2
11/7/2021 1:20,11/7/2021 1:18,11/7/2021 1:20,167.5,0,0.2,20,18,2
11/7/2021 1:25,11/7/2021 1:23,11/7/2021 1:25,197.6,192.66,0.2,22,18,2
11/7/2021 1:30,11/7/2021 1:29,11/7/2021 1:30,177.8,0,0.2,20,18,2
11/7/2021 1:35,11/7/2021 1:34,11/7/2021 1:35,180.8,0,0.2,22,17,2
11/7/2021 1:40,11/7/2021 1:40,11/7/2021 1:40,211.1,246.98,0.2,19,15,2
11/7/2021 1:45,11/7/2021 1:45,11/7/2021 1:45,223.8,327.3,0.2,20,16,2
11/7/2021 1:50,11/7/2021 1:50,11/7/2021 1:50,232.2,339.59,0.2,17,15,2
11/7/2021 1:55,11/7/2021 1:56,11/7/2021 1:55,237.1,392.99,0.3,17,14,2
11/7/2021 2:00,11/7/2021 2:00,11/7/2021 2:00,184.5,89.94,0.4,16,13,2
11/7/2021 2:05,11/7/2021 2:06,11/7/2021 2:05,185.3,36.13,0.4,16,14,2
11/7/2021 2:10,11/7/2021 2:11,11/7/2021 2:10,168.7,0,0.4,17,14,2
11/7/2021 2:15,11/7/2021 2:17,11/7/2021 2:15,186.8,36.42,0.4,20,16,2
11/7/2021 2:20,11/7/2021 2:22,11/7/2021 2:20,187.5,91.4,0.4,19,16,2
11/7/2021 2:30,11/7/2021 2:27,11/7/2021 2:30,194.3,132.6,0.4,19,16,2
11/7/2021 2:35,11/7/2021 2:33,11/7/2021 2:35,193,131.72,0.4,19,16,2
11/7/2021 2:40,11/7/2021 2:38,11/7/2021 2:40,185.3,90.33,0.5,19,16,2
11/7/2021 2:50,11/7/2021 2:49,11/7/2021 2:50,186.1,90.72,0.5,17,15,2
11/7/2021 2:55,11/7/2021 2:54,11/7/2021 2:55,184.1,35.89,0.5,20,16,2
11/7/2021 3:10,11/7/2021 3:10,11/7/2021 3:10,188.2,91.74,0.5,19,16,2
11/7/2021 3:15,11/7/2021 3:16,11/7/2021 3:15,185.7,90.52,0.5,20,17,2
11/7/2021 3:40,11/7/2021 3:37,11/7/2021 3:40,188.2,128.44,0.6,19,17,2
11/7/2021 3:45,11/7/2021 3:43,11/7/2021 3:45,199.2,194.21,0.6,19,17,2
11/7/2021 4:00,11/7/2021 3:59,11/7/2021 4:00,232.3,339.73,0.6,20,18,2
11/7/2021 4:05,11/7/2021 4:04,11/7/2021 4:05,218.7,255.87,0.7,20,18,2
11/7/2021 4:10,11/7/2021 4:10,11/7/2021 4:10,234,342.22,0.7,20,18,2
11/7/2021 4:15,11/7/2021 4:15,11/7/2021 4:15,203.2,198.11,0.7,20,18,2
11/7/2021 4:35,11/7/2021 4:37,11/7/2021 4:35,216.2,252.95,0.8,19,16,2
11/7/2021 4:40,11/7/2021 4:42,11/7/2021 4:40,187.2,91.25,0.8,17,14,2
11/7/2021 4:50,11/7/2021 4:47,11/7/2021 4:50,184.3,35.93,0.8,17,14,2
11/7/2021 5:05,11/7/2021 5:03,11/7/2021 5:05,181.5,0,0.8,19,16,2
11/7/2021 5:10,11/7/2021 5:09,11/7/2021 5:10,186.6,36.38,0.8,19,15,2
11/7/2021 5:15,11/7/2021 5:14,11/7/2021 5:15,188.2,128.44,0.8,19,15,2
11/7/2021 5:25,11/7/2021 5:25,11/7/2021 5:25,186.8,91.06,0.8,17,16,2
11/7/2021 5:30,11/7/2021 5:30,11/7/2021 5:30,239.5,396.97,0.8,20,16,2
11/7/2021 5:35,11/7/2021 5:36,11/7/2021 5:35,222.3,260.09,0.9,20,17,2
11/7/2021 5:40,11/7/2021 5:41,11/7/2021 5:40,189,92.13,0.9,20,17,2
11/7/2021 5:45,11/7/2021 5:46,11/7/2021 5:45,184.3,89.84,0.9,20,17,2
11/7/2021 5:50,11/7/2021 5:52,11/7/2021 5:50,188.8,128.85,0.9,22,18,2
11/7/2021 6:00,11/7/2021 5:57,11/7/2021 6:00,215.6,252.25,0.9,24,18,2
11/7/2021 6:05,11/7/2021 6:03,11/7/2021 6:05,201.3,196.26,0.9,22,17,2
11/7/2021 6:10,11/7/2021 6:08,11/7/2021 6:10,200,195,1,20,17,2
11/7/2021 6:15,11/7/2021 6:13,11/7/2021 6:15,183.1,0,1,20,16,2
11/7/2021 6:20,11/7/2021 6:19,11/7/2021 6:20,199.2,194.21,1,19,17,2
11/7/2021 6:25,11/7/2021 6:24,11/7/2021 6:25,185.2,90.28,1,20,17,2
11/7/2021 6:30,11/7/2021 6:29,11/7/2021 6:30,201.3,196.26,1,20,17,2
11/7/2021 6:35,11/7/2021 6:35,11/7/2021 6:35,221.2,258.8,1,19,16,2
11/7/2021 6:40,11/7/2021 6:40,11/7/2021 6:40,204,198.9,1,20,17,2
11/7/2021 6:45,11/7/2021 6:46,11/7/2021 6:45,184.8,90.09,1,20,17,2
11/7/2021 6:50,11/7/2021 6:51,11/7/2021 6:50,153.2,0,1,17,16,2
11/7/2021 6:55,11/7/2021 6:56,11/7/2021 6:55,193.5,150.93,1,20,16,2
11/7/2021 7:00,11/7/2021 7:02,11/7/2021 7:00,186.5,109.1,1.1,19,17,2
11/7/2021 7:10,11/7/2021 7:07,11/7/2021 7:10,183.5,0,1.1,19,19,2
11/7/2021 7:30,11/7/2021 7:29,11/7/2021 7:30,195.3,133.29,1.1,19,19,2
11/7/2021 7:35,11/7/2021 7:34,11/7/2021 7:35,215.1,251.66,1.1,20,19,2
11/7/2021 7:40,11/7/2021 7:39,11/7/2021 7:40,190,129.67,1.1,20,16,2
11/7/2021 7:45,11/7/2021 7:45,11/7/2021 7:45,184.2,35.91,1.1,19,14,2
11/7/2021 7:50,11/7/2021 7:50,11/7/2021 7:50,147.5,0,1.1,19,15,2
11/7/2021 7:55,11/7/2021 7:56,11/7/2021 7:55,233,340.76,1.2,20,17,2
11/7/2021 8:00,11/7/2021 8:01,11/7/2021 8:00,188.7,128.78,1.2,17,15,2
11/7/2021 8:10,11/7/2021 8:12,11/7/2021 8:10,204.1,198.99,1.2,16,16,2
11/7/2021 8:20,11/7/2021 8:17,11/7/2021 8:20,180.2,0,1.2,20,15,2
11/7/2021 8:25,11/7/2021 8:22,11/7/2021 8:25,185.6,36.19,1.2,20,17,2
11/7/2021 8:30,11/7/2021 8:28,11/7/2021 8:30,206.7,201.53,1.2,19,17,2
11/7/2021 8:35,11/7/2021 8:34,11/7/2021 8:35,162.1,0,1.2,22,19,2
11/7/2021 8:40,11/7/2021 8:39,11/7/2021 8:40,200.5,195.48,1.2,22,17,2
11/7/2021 8:45,11/7/2021 8:44,11/7/2021 8:45,145,0,1.2,17,15,2
11/7/2021 8:50,11/7/2021 8:50,11/7/2021 8:50,229,334.91,1.2,20,16,2
11/7/2021 8:55,11/7/2021 8:55,11/7/2021 8:55,201,195.97,1.2,20,16,2
11/7/2021 9:00,11/7/2021 9:01,11/7/2021 9:00,204.5,199.38,1.3,19,15,2
11/7/2021 9:05,11/7/2021 9:06,11/7/2021 9:05,171,0,1.3,17,13,2
11/7/2021 9:10,11/7/2021 9:11,11/7/2021 9:10,147.6,0,1.3,17,13,2
11/7/2021 9:15,11/7/2021 9:17,11/7/2021 9:15,185.1,36.09,1.3,17,12,2
11/7/2021 9:25,11/7/2021 9:22,11/7/2021 9:25,168,0,1.3,17,14,2
11/7/2021 9:30,11/7/2021 9:27,11/7/2021 9:30,200.7,195.68,1.3,17,11,2
11/7/2021 9:35,11/7/2021 9:33,11/7/2021 9:35,208.5,223.61,1.3,17,14,2
11/7/2021 9:40,11/7/2021 9:38,11/7/2021 9:40,193.6,132.13,1.3,19,14,2
11/7/2021 9:45,11/7/2021 9:44,11/7/2021 9:45,180.5,0,1.3,24,16,2
11/7/2021 9:50,11/7/2021 9:49,11/7/2021 9:50,186.7,91.01,1.3,19,15,2
11/7/2021 9:55,11/7/2021 9:54,11/7/2021 9:55,219.5,256.81,1.3,19,14,2
11/7/2021 10:00,11/7/2021 10:00,11/7/2021 10:00,181.2,35.33,1.3,17,14,2
11/7/2021 10:10,11/7/2021 10:10,11/7/2021 10:10,120.8,0,1.4,9,9,2
11/7/2021 10:15,11/7/2021 10:16,11/7/2021 10:15,183.7,89.55,1.4,17,17,2
11/7/2021 10:20,11/7/2021 10:21,11/7/2021 10:20,177.5,0,1.4,14,12,2
11/7/2021 10:25,11/7/2021 10:27,11/7/2021 10:25,187,91.16,1.4,19,14,2
11/7/2021 10:30,11/7/2021 10:32,11/7/2021 10:30,182.6,35.6,1.4,16,12,2
11/7/2021 10:40,11/7/2021 10:37,11/7/2021 10:40,188,91.64,1.4,17,13,2
11/7/2021 10:45,11/7/2021 10:43,11/7/2021 10:45,203.2,198.11,1.4,17,13,2
11/7/2021 10:50,11/7/2021 10:48,11/7/2021 10:50,198.7,193.73,1.4,14,11,2
11/7/2021 10:55,11/7/2021 10:53,11/7/2021 10:55,163.2,0,1.4,19,14,2
11/7/2021 11:00,11/7/2021 10:59,11/7/2021 11:00,166.6,0,1.4,19,13,2
11/7/2021 11:05,11/7/2021 11:04,11/7/2021 11:05,184.2,89.79,1.4,16,12,2
11/7/2021 11:10,11/7/2021 11:10,11/7/2021 11:10,190,129.67,1.4,19,16,2
11/7/2021 11:15,11/7/2021 11:15,11/7/2021 11:15,159.5,0,1.4,24,18,2
11/7/2021 11:20,11/7/2021 11:20,11/7/2021 11:20,242.6,402.1,1.4,24,19,2
11/7/2021 11:30,11/7/2021 11:31,11/7/2021 11:30,255.1,547.18,1.5,22,22,2
11/7/2021 11:35,11/7/2021 11:36,11/7/2021 11:35,188.1,91.69,1.5,20,15,2
11/7/2021 11:40,11/7/2021 11:42,11/7/2021 11:40,193.8,151.16,1.5,22,18,2
11/7/2021 11:50,11/7/2021 11:47,11/7/2021 11:50,181.7,35.43,1.5,24,19,2
11/7/2021 11:55,11/7/2021 11:53,11/7/2021 11:55,169.3,0,1.5,25,18,2
11/7/2021 12:00,11/7/2021 11:58,11/7/2021 12:00,187.3,127.83,1.5,27,18,2
11/7/2021 12:05,11/7/2021 12:03,11/7/2021 12:05,189.3,129.19,1.5,28,22,2
11/7/2021 12:10,11/7/2021 12:09,11/7/2021 12:10,177.5,0,1.6,22,15,2
11/7/2021 12:15,11/7/2021 12:14,11/7/2021 12:15,194,189.15,1.6,20,17,2
11/7/2021 12:20,11/7/2021 12:19,11/7/2021 12:20,185.2,36.11,1.6,20,16,2
11/7/2021 12:25,11/7/2021 12:25,11/7/2021 12:25,213.3,249.56,1.6,30,23,2
11/7/2021 12:30,11/7/2021 12:30,11/7/2021 12:30,198.1,193.14,1.6,24,20,2
11/7/2021 12:35,11/7/2021 12:36,11/7/2021 12:35,288.7,900.74,1.6,27,20,2
11/7/2021 12:40,11/7/2021 12:41,11/7/2021 12:40,185.8,36.23,1.7,25,19,2
11/7/2021 12:45,11/7/2021 12:46,11/7/2021 12:45,238.8,395.81,1.7,32,22,2
11/7/2021 12:50,11/7/2021 12:52,11/7/2021 12:50,254.2,545.25,1.7,32,25,2
11/7/2021 13:00,11/7/2021 12:57,11/7/2021 13:00,253,542.68,1.7,32,21,2
11/7/2021 13:05,11/7/2021 13:02,11/7/2021 13:05,88.3,0,1.8,32,25,2
11/7/2021 13:10,11/7/2021 13:08,11/7/2021 13:10,215.1,251.66,1.8,35,24,2
11/7/2021 13:15,11/7/2021 13:13,11/7/2021 13:15,231.2,338.12,1.9,32,24,2
11/7/2021 13:20,11/7/2021 13:19,11/7/2021 13:20,254.3,545.47,1.9,24,20,2
11/7/2021 13:25,11/7/2021 13:24,11/7/2021 13:25,194.7,189.83,1.9,30,23,2
11/7/2021 13:30,11/7/2021 13:29,11/7/2021 13:30,234.2,388.18,1.9,27,20,2
11/7/2021 13:35,11/7/2021 13:35,11/7/2021 13:35,169.3,0,2,28,20,2
11/7/2021 13:40,11/7/2021 13:40,11/7/2021 13:40,228,333.45,2,30,23,2
11/7/2021 13:45,11/7/2021 13:45,11/7/2021 13:45,215.6,252.25,2,33,25,2
11/7/2021 13:50,11/7/2021 13:51,11/7/2021 13:50,250.1,487.69,2.1,27,20,2
11/7/2021 13:55,11/7/2021 13:56,11/7/2021 13:55,186.2,90.77,2.1,27,20,2
11/7/2021 14:00,11/7/2021 14:02,11/7/2021 14:00,225.1,329.2,2.1,27,21,2
11/7/2021 14:05,11/7/2021 14:07,11/7/2021 14:05,263.8,643.01,2.1,35,28,2
11/7/2021 14:15,11/7/2021 14:12,11/7/2021 14:15,260.5,634.96,2.2,33,24,2
11/7/2021 14:20,11/7/2021 14:18,11/7/2021 14:20,302.5,1179.75,2.2,25,21,2
11/7/2021 14:25,11/7/2021 14:23,11/7/2021 14:25,210.5,246.28,2.3,38,28,2
11/7/2021 14:30,11/7/2021 14:28,11/7/2021 14:30,240.6,398.79,2.3,36,27,2
11/7/2021 14:35,11/7/2021 14:34,11/7/2021 14:35,261,636.18,2.4,36,26,2
11/7/2021 14:40,11/7/2021 14:39,11/7/2021 14:40,179.2,0,2.4,30,24,2
11/7/2021 14:45,11/7/2021 14:45,11/7/2021 14:45,196.3,191.39,2.5,35,24,2
11/7/2021 14:50,11/7/2021 14:50,11/7/2021 14:50,177.6,0,2.5,24,17,2
11/7/2021 14:55,11/7/2021 14:55,11/7/2021 14:55,185.3,90.33,2.5,27,20,2
11/7/2021 15:00,11/7/2021 15:01,11/7/2021 15:00,229.1,335.05,2.5,22,18,2
11/7/2021 15:05,11/7/2021 15:06,11/7/2021 15:05,264,643.5,2.6,27,23,2
11/7/2021 15:10,11/7/2021 15:11,11/7/2021 15:10,245.2,478.14,2.6,32,23,2
11/7/2021 15:15,11/7/2021 15:17,11/7/2021 15:15,230.8,337.54,2.6,33,25,2
11/7/2021 15:25,11/7/2021 15:22,11/7/2021 15:25,233.5,341.49,2.7,27,20,2
11/7/2021 15:30,11/7/2021 15:28,11/7/2021 15:30,305.3,1190.67,2.7,27,21,2
11/7/2021 15:35,11/7/2021 15:33,11/7/2021 15:35,184,35.88,2.7,27,24,2
11/7/2021 15:45,11/7/2021 15:44,11/7/2021 15:45,190.1,129.74,2.8,27,27,2
11/7/2021 16:40,11/7/2021 16:37,11/7/2021 16:40,184,107.63,2.9,20,20,2
11/7/2021 16:55,11/7/2021 16:54,11/7/2021 16:55,209.2,244.76,2.9,24,24,2
11/7/2021 17:05,11/7/2021 17:03,11/7/2021 17:05,187.7,128.1,3,22,22,2
11/7/2021 17:10,11/7/2021 17:08,11/7/2021 17:10,231.7,338.86,3,20,20,2
11/7/2021 17:15,11/7/2021 17:14,11/7/2021 17:15,219,256.23,3,24,24,2
11/7/2021 17:20,11/7/2021 17:19,11/7/2021 17:20,182.8,35.64,3,24,22,2
11/7/2021 17:25,11/7/2021 17:25,11/7/2021 17:25,223.1,261.02,3,30,27,2
11/7/2021 17:30,11/7/2021 17:30,11/7/2021 17:30,276,807.3,3.1,25,23,2
11/7/2021 17:35,11/7/2021 17:35,11/7/2021 17:35,179.2,0,3.1,25,22,2
11/7/2021 17:40,11/7/2021 17:41,11/7/2021 17:40,268.3,706.29,3.1,24,21,2
11/7/2021 17:45,11/7/2021 17:46,11/7/2021 17:45,186.6,36.38,3.2,25,20,2
11/7/2021 17:50,11/7/2021 17:51,11/7/2021 17:50,184.2,89.79,3.2,25,21,2
11/7/2021 17:55,11/7/2021 17:57,11/7/2021 17:55,205.1,199.97,3.2,28,23,2
11/7/2021 18:05,11/7/2021 18:02,11/7/2021 18:05,186.7,127.42,3.2,27,22,2
11/7/2021 18:10,11/7/2021 18:07,11/7/2021 18:10,223.7,261.72,3.2,32,25,2
11/7/2021 18:15,11/7/2021 18:13,11/7/2021 18:15,189.2,129.12,3.2,28,24,2
11/7/2021 18:20,11/7/2021 18:18,11/7/2021 18:20,240.6,398.79,3.3,28,22,2
11/7/2021 18:25,11/7/2021 18:24,11/7/2021 18:25,209.3,224.47,3.3,28,23,2
11/7/2021 18:30,11/7/2021 18:29,11/7/2021 18:30,222.6,260.44,3.3,32,24,2
11/7/2021 18:35,11/7/2021 18:34,11/7/2021 18:35,195.8,133.63,3.3,32,24,2
11/7/2021 18:40,11/7/2021 18:40,11/7/2021 18:40,193,150.54,3.4,32,24,2
11/7/2021 18:45,11/7/2021 18:45,11/7/2021 18:45,261.6,637.65,3.4,33,29,2
11/7/2021 18:50,11/7/2021 18:50,11/7/2021 18:50,230.8,337.54,3.4,36,30,2
11/7/2021 18:55,11/7/2021 18:56,11/7/2021 18:55,232.6,340.17,3.5,33,25,2
11/7/2021 19:00,11/7/2021 19:01,11/7/2021 19:00,300.1,1082.61,3.5,33,26,2
11/7/2021 19:05,11/7/2021 19:06,11/7/2021 19:05,202.1,197.04,3.5,28,24,2
11/7/2021 19:10,11/7/2021 19:12,11/7/2021 19:10,230.6,337.25,3.5,33,27,2
11/7/2021 19:20,11/7/2021 19:17,11/7/2021 19:20,185.1,90.23,3.6,36,30,2
11/7/2021 19:25,11/7/2021 19:22,11/7/2021 19:25,259.5,632.53,3.6,43,32,2
11/7/2021 19:30,11/7/2021 19:28,11/7/2021 19:30,262.7,640.33,3.7,41,30,2
11/7/2021 19:35,11/7/2021 19:33,11/7/2021 19:35,233.1,340.9,3.7,33,28,2
11/7/2021 19:40,11/7/2021 19:39,11/7/2021 19:40,233.1,363.63,3.8,35,29,2
11/7/2021 19:45,11/7/2021 19:44,11/7/2021 19:45,274.2,721.83,3.8,38,28,2
11/7/2021 19:50,11/7/2021 19:49,11/7/2021 19:50,320.8,1407.51,3.8,35,31,2
11/7/2021 19:55,11/7/2021 19:55,11/7/2021 19:55,233.5,341.49,3.9,38,32,2
11/7/2021 20:00,11/7/2021 20:00,11/7/2021 20:00,316.5,1234.35,3.9,43,31,2
11/7/2021 20:05,11/7/2021 20:05,11/7/2021 20:05,255.6,548.26,4,38,30,2
11/7/2021 20:10,11/7/2021 20:11,11/7/2021 20:10,218.1,255.17,4,49,32,2
11/7/2021 20:15,11/7/2021 20:16,11/7/2021 20:15,303.8,1184.82,4.1,43,30,2
11/7/2021 20:20,11/7/2021 20:21,11/7/2021 20:20,233.1,340.9,4.1,44,33,2
11/7/2021 20:25,11/7/2021 20:27,11/7/2021 20:25,318,1395.22,4.2,41,32,2
11/7/2021 20:35,11/7/2021 20:32,11/7/2021 20:35,212.1,248.15,4.2,46,38,2
11/7/2021 20:40,11/7/2021 20:38,11/7/2021 20:40,304.8,1188.72,4.3,41,34,2
11/7/2021 20:45,11/7/2021 20:43,11/7/2021 20:45,307.3,1258.39,4.4,44,34,2
11/7/2021 20:50,11/7/2021 20:48,11/7/2021 20:50,317.5,1393.03,4.4,43,35,2
11/7/2021 20:55,11/7/2021 20:54,11/7/2021 20:55,245.3,478.33,4.5,44,31,2
11/7/2021 21:00,11/7/2021 20:59,11/7/2021 21:00,227.2,332.28,4.6,40,32,2
11/7/2021 21:05,11/7/2021 21:04,11/7/2021 21:05,228.6,334.32,4.6,48,35,2
11/7/2021 21:10,11/7/2021 21:10,11/7/2021 21:10,281.2,822.5,4.7,44,36,2
11/7/2021 21:15,11/7/2021 21:15,11/7/2021 21:15,259.1,581.03,4.8,40,32,2
11/7/2021 21:20,11/7/2021 21:20,11/7/2021 21:20,262.6,640.08,4.9,54,38,2
11/7/2021 21:25,11/7/2021 21:26,11/7/2021 21:25,290.8,907.29,5,41,33,2
11/7/2021 21:30,11/7/2021 21:31,11/7/2021 21:30,286.2,892.94,5.1,41,36,2
11/7/2021 21:35,11/7/2021 21:37,11/7/2021 21:35,278.2,732.36,5.1,38,33,2
11/7/2021 21:40,11/7/2021 21:42,11/7/2021 21:40,237.3,370.18,5.2,43,32,2
11/7/2021 21:50,11/7/2021 21:47,11/7/2021 21:50,249,485.55,5.3,41,37,2
11/7/2021 21:55,11/7/2021 21:53,11/7/2021 21:55,203.6,198.51,5.4,38,33,2
11/7/2021 22:00,11/7/2021 21:58,11/7/2021 22:00,320.6,1312.85,5.4,40,34,2
11/7/2021 22:05,11/7/2021 22:04,11/7/2021 22:05,314.7,1288.69,5.5,40,32,2
11/7/2021 22:10,11/7/2021 22:09,11/7/2021 22:10,285,1028.13,5.6,35,31,2
11/7/2021 22:15,11/7/2021 22:14,11/7/2021 22:15,185,90.18,5.7,38,33,2
11/7/2021 22:20,11/7/2021 22:20,11/7/2021 22:20,272.1,716.3,5.7,40,34,2
11/7/2021 22:25,11/7/2021 22:25,11/7/2021 22:25,303.6,1184.04,5.8,40,32,2
11/7/2021 22:30,11/7/2021 22:31,11/7/2021 22:30,284.7,832.74,5.9,41,31,2
11/7/2021 22:35,11/7/2021 22:36,11/7/2021 22:35,311.8,1216.02,6,38,31,2
11/7/2021 22:40,11/7/2021 22:41,11/7/2021 22:40,280.3,819.87,6,35,30,2
11/7/2021 22:45,11/7/2021 22:47,11/7/2021 22:45,283.2,828.35,7,38,29,2
11/7/2021 22:55,11/7/2021 22:52,11/7/2021 22:55,276.2,807.88,7,33,28,2
11/7/2021 23:00,11/7/2021 22:57,11/7/2021 23:00,261,636.18,7,38,31,2
11/7/2021 23:05,11/7/2021 23:03,11/7/2021 23:05,278.2,813.73,7,33,27,2
11/7/2021 23:10,11/7/2021 23:08,11/7/2021 23:10,279.8,818.41,7,33,25,2
11/7/2021 23:15,11/7/2021 23:14,11/7/2021 23:15,231.6,338.71,7,30,26,2
11/7/2021 23:20,11/7/2021 23:19,11/7/2021 23:20,204.5,199.38,7,30,25,2
11/7/2021 23:25,11/7/2021 23:24,11/7/2021 23:25,223.6,283.41,7,35,25,2
11/7/2021 23:30,11/7/2021 23:30,11/7/2021 23:30,239.6,397.13,7,28,23,2
11/7/2021 23:35,11/7/2021 23:35,11/7/2021 23:35,229,334.91,7,28,23,2
11/7/2021 23:40,11/7/2021 23:40,11/7/2021 23:40,234.7,343.24,7,20,20,2
